Grade,Difficulty,SAT,Letter,Intelligence
81.86876436279924,45.45977260407971,57.76037108535818,57.28753840849281,47.73889130399079
81.41629366182687,51.8674559376082,64.4895768710406,54.17710583585774,50.0399336362194
77.16752347249299,46.204614473894964,50.29910873678039,44.84984095286813,39.92186606417485
83.69556556874049,49.60410828975135,60.22905601926095,56.269127353228356,51.97468148836561
87.87261630706296,39.306261216719165,64.1189868003482,72.983593547421,55.08965443133021
80.97742262484535,50.359190930840455,63.7863974902594,45.573814040402205,54.182024970298755
82.41323271981742,45.8992327085021,55.77386438004723,54.61513001781419,49.191725371115965
82.17644957845022,46.75858491573037,58.612518984326506,52.45427699254996,53.08054543113994
78.39598815149184,44.670692328381435,57.42002945313261,46.47468313388531,47.37967065392108
79.58766833539345,46.031045254009996,63.34710073159036,49.334496307974725,47.54478111795215
81.63023488026248,47.68525816712164,54.38102943302455,47.924449101060574,46.76986386158298
80.72237444084196,44.979924993468394,62.60564074753532,51.239756896850714,48.12276653075049
81.24901813947957,47.405005532175096,55.67146463941071,55.916060865370284,49.66208935960649
82.99248893836996,41.04293396398357,54.09722314415677,57.19082247285581,48.788793033170755
81.13788450684629,47.00386358967655,58.769256515302246,49.71192624120628,51.08784302585788
80.81953023718543,49.69274882985522,61.41963315471328,52.008405390792944,51.44258201480154
76.90891451827808,47.93536734861493,56.52589455932854,33.81146169268735,46.346059910096415
79.88137904280767,60.88386440007689,58.34922393261413,45.897147925920486,46.60857531607648
78.19998016533944,51.28655963440022,62.513130506420744,46.3951498006599,48.4922954414443
76.10964989724663,48.74678270924445,61.18745581834581,43.61912149506075,47.138613202392364
80.20120212295731,49.50889402568562,58.55658890705627,52.14885145777157,49.9169803050021
78.05696012403166,50.27395942275815,58.421908859458064,45.76253555414724,49.41604740186372
80.8168998920389,44.595863600774955,51.318620493620365,60.09145730877465,39.81899329241479
79.49660832417078,49.06450422796954,49.984424124388624,50.532055404169576,44.330739970933074
75.4783586116453,58.38400063107541,60.425379307766036,42.05909546761613,49.89570701475313
81.07054244122419,47.3347226943553,68.02296079692795,54.74222561774391,53.90248611621344
80.56500807567566,48.88701952469643,57.17797948623047,53.14111826547947,50.146759459614366
81.93476076068184,44.28098417728458,62.277797232391265,53.47315210493347,50.11540483923571
78.09903906447371,51.86151109182747,59.953049629151124,49.09754053098135,53.24312464702141
80.342882390804,48.89490439668564,66.71358965325618,51.0090605865163,53.32902432074291
79.65606833085678,60.49998084515977,65.76341487591674,53.40135925774069,56.76890110736484
80.9723991271007,45.48724560910429,59.68219200167128,53.81903681882492,50.53269574744927
83.4014207271397,45.901613553679944,59.0444810311378,57.74546031288121,48.61075368822839
77.47986254670192,56.62027643341111,60.2589698580346,49.75914042337451,51.71661995397345
80.40191809808974,51.07430295990799,62.81147727935067,58.90614632312051,49.12359371757198
80.75450619752847,52.575749569468485,63.39658280799788,51.05357538929758,49.75246046895942
78.44598050593933,52.961385439068806,61.958820725981376,43.85773381099061,49.092212143147236
80.60493802093907,47.81615617789935,62.76758582932494,57.498785116821786,52.92851063336682
79.49698452337563,49.48359629701062,53.22515213466143,54.37538163296127,46.25386596225985
79.04990891812632,46.79145189268343,56.4313868696031,44.177195582213066,43.88850897702627
82.0363208942125,48.96349844799846,65.79045391235738,52.69039030218208,52.432001332456366
75.70170831243465,54.441370042297116,56.71014648601616,42.0806420621126,45.428551747109985
77.89514842448521,51.18982278032972,60.00067299168941,40.50583656237637,48.58281441274008
83.12477705510445,44.620869099308536,57.55518039158035,52.59957615667123,50.854922492762206
79.32341011402967,44.52617316935825,57.758392176368545,50.3353627200853,45.080863548547775
82.43437572312793,46.68621508603843,65.64653271591794,50.49833546336757,51.96017817927509
79.11691336810442,55.088538577991976,59.285565598513884,49.223135387763875,47.129648483915894
82.67891537431886,42.69938054971237,64.5505812762158,52.12054169972417,58.003921747786144
78.73132079739362,48.29273909341887,61.139669708149064,50.81305625261417,50.04745178731464
78.62428464970436,44.50153649355068,58.18107467381981,49.17542511065944,48.685027527055546
81.78908782862766,54.23036253276955,69.88633838690959,55.69717801598424,55.608483799699314
82.66892797968549,53.522434525091455,57.62658708238965,60.16064138094993,49.62338990542037
76.65660718184266,52.65857619475535,51.557203660390456,41.81524109328744,46.747776153037236
83.05234618550026,44.582983339232506,62.66520798159483,55.99946841347409,51.37838692644273
78.04671053464712,53.5391983675883,59.13664009349471,48.10430904535058,50.738575840735095
80.46739474405786,48.08608431789835,58.72240885033647,54.382649349179985,53.10383757456237
76.86563804647479,49.2832200669993,68.3839926002628,45.51253099189027,54.86325804439893
82.25603046893671,51.38943800015163,58.50078186142249,52.18384679165665,51.30613062563378
77.91932357191347,41.911385907415834,53.26307360471896,43.61419604598088,43.54284554389246
81.29416504554301,52.318865048850725,59.615587168946234,49.73278016384599,52.107719069749876
77.57971004466935,54.740351249473946,57.0545182838282,46.6143509403338,45.02370557785879
79.63410476780862,53.852164187504165,57.47924415940061,48.11998869781716,48.66830974280013
78.40683727366446,50.307911477543776,59.4285443135635,49.590448301261546,51.16777843074343
79.48526409049983,52.465801826527475,57.125981680209044,46.19126150423116,49.7041657308285
82.28311305019623,52.01828237904899,62.75390432583068,53.34950203391187,56.532934359622956
79.64194477117013,52.30485808910598,62.08731614756791,58.350593876043035,51.13805241930255
77.26134149763874,53.706603072000696,57.93430476419584,40.23737293034006,47.05543377085121
81.05891403508413,44.340995657501495,57.98884969190166,52.60974246446027,49.993865334520144
79.1119507362027,52.17629768700481,62.5141548227753,47.24308608046541,54.83131469867331
77.15340916800218,53.898290460565725,60.06617891951721,43.890648312446515,46.53872325856666
80.32134532007187,51.54265271022864,60.23926893722594,49.616620998003874,50.31536031298655
75.90925615286028,55.63122320092257,59.34250973971853,41.35313571935372,48.22823141222473
81.90700083948926,44.88849912581041,61.88844786879411,54.30449363878859,48.98440465403944
84.20360573266515,47.7410502837675,50.6443900852054,57.22398912650264,45.31879960925945
81.63864882686403,46.20600940382089,69.73724768662417,55.27547047192189,53.96533516142373
81.32548783366269,51.386098902378826,67.19957708767782,50.482622163537194,56.62845545897854
82.2474810766528,50.108912361769114,66.02983315338766,52.21366973579899,54.29519773088052
76.60089357533847,54.270172774091286,58.358551820769485,41.516800220504,50.73774951156792
81.00598275488967,50.60433655271717,64.02606747968508,52.20688809520909,51.19942475380516
79.96794932252992,50.999315478795445,62.298336174280195,48.3691927856305,47.8423652595685
83.84692856017871,48.259501921993184,63.52626360281865,57.02449377297477,54.01534752574991
84.83194168775219,42.88119111530178,65.1948583524504,63.6297624345458,52.2091438643162
81.26478274953872,49.119443673536686,65.95621800817528,52.00954618254855,54.04844339894049
84.75357984065099,44.06014694764724,56.30077423450541,62.21146575067034,53.44431546537171
79.4525720107294,50.38425903770782,52.46712606621397,48.86086636892999,47.00964854015421
78.638785686156,45.94119656357566,62.049773639400684,47.03216461340294,51.350086390054386
76.53263082206949,48.4247301796791,56.01309828636806,35.788964567975654,53.98435148840917
85.02360291235108,42.72083196549332,69.28955548006107,61.62847700408611,58.34713883571352
76.09453268167509,48.54901539195243,45.56653118508891,47.014913504915654,40.1666421394531
82.52671146054557,55.05621617937012,61.96320962048716,59.51606520912211,52.464087529563756
78.7627755610189,56.17086545891841,66.19096707652275,46.36033029453551,54.67923571187191
76.83184638706669,51.653819687935425,56.49906336366952,44.87333212515423,49.400607231944974
82.46325413306987,49.262483470523385,60.031015465794916,55.81305221655454,51.133724575337524
83.59814572468362,49.63559098565146,64.46843013224289,60.723571782609376,49.66987497807984
79.00696515247256,51.252506105008585,60.501254965169835,48.04941560195049,51.185064505579355
77.92406693160781,49.810470371881976,62.87574452984508,42.88649057004307,50.49077618263471
82.54094013660107,49.0435665287542,65.77130631537977,60.16039411808629,53.19582756766237
81.75405199967956,48.47974906477779,63.21852236871029,50.86193355494766,51.825797302668256
78.72292270624565,55.33149886452497,64.86476230568641,48.164146182710816,54.6369946354207
84.01041259317881,51.143155571022945,65.82532111786121,55.180281344012926,55.60317179603304
76.31434900695685,48.887208116131774,57.84761244065228,44.00794210555474,45.034132388543135
80.83303562627627,47.90995789241749,50.91616364131474,52.55744382887135,46.12629496977745
81.84838508065074,45.625992736338354,61.332611017305396,55.71817943175895,49.254008975556985
81.43599440640277,54.41303351851684,70.2616643769318,50.04232806494867,55.13899978748632
79.65833585034927,50.85236652699656,64.00573249913727,47.54728161975129,46.45017952607037
82.65471705362826,49.81302237240032,63.93371280994267,51.1256861176573,53.27197073790858
79.33476879014027,47.664706152961664,57.32291607664778,47.122431558487264,51.18207885343296
76.51405419475954,51.636977632802115,64.89484562888767,40.02701379964054,55.61260503485747
86.3013080771136,48.556181693832286,60.92246876678412,66.88805474868668,50.83931955233521
81.15429261969662,50.185976614915674,67.1010191697437,55.78313149050916,54.172876549795504
78.18427940601998,52.13280416970315,59.32191790334787,46.87494145126822,50.946677641762406
76.98538378073633,44.79302008658789,63.896963506822935,43.134696505674334,48.5268396493376
78.88834717052042,43.88586522096085,58.449452969618974,53.920348031825405,43.94684002930552
82.45529247434963,45.47660922380135,60.37537635538571,49.889045884899105,52.317383667175676
80.51067783025024,50.5717719203045,61.27216307813249,50.07347508575643,49.705984630470354
76.61258144581151,54.79673688961056,51.79630574417184,39.55607665053252,47.51315246650268
80.07206407145864,51.58921891751192,60.868783216385076,57.22568137146567,50.93794070328746
80.99383571650549,50.848986826938024,59.077464754300124,44.98305704220451,53.50522959253842
78.4507694942968,49.310145372920445,60.961918171061065,46.12118287382284,51.545252887317716
83.83032256493844,45.26967132389517,56.88072908680513,55.074891739228036,50.63184427655198
74.0479971092384,53.32216695703987,50.978647907192425,34.944318259433224,42.63768013276151
81.77865061455601,45.40278524143696,63.565291515838176,56.81168856267418,55.31046159155437
80.07625788799581,50.489141470604146,62.978404935958814,48.55281301354944,47.63558679849714
79.90842629570254,48.89541324839595,54.87244047241443,50.97853661885217,48.65878763494522
82.92808381533395,49.758664044081975,58.129889230245034,55.28629153495726,46.12989189447647
77.25906860168449,53.989493545829085,43.916103325813324,47.10147455135608,41.301884845316934
78.34390340984551,46.31183376760692,58.626963872145446,48.85121825223896,52.56014938412081
80.95299196982312,56.690462375373926,64.03472248052618,47.47598831180745,52.58778861154179
77.7203737622776,61.81611109595801,54.76745650527753,44.92047525233407,51.81288168028619
81.14403183831901,42.666897708245614,58.33165579963748,53.885999400897894,49.03938635455417
85.47200840456145,41.6879277036309,68.5604865220507,61.19067762885526,54.72710874049602
85.42401006179674,47.295930567370426,68.09598306266527,65.60261099336624,58.19452806434109
79.22950535331344,55.641589930651406,55.67744582519346,48.972335306126745,46.41359477524175
78.73650112848753,50.17324470140835,54.658656280002646,48.47179788803635,45.652927012188464
76.1227329550589,54.45554778865819,52.07834996231378,35.773157925591406,44.97962471582949
79.86080826201606,43.958178250199445,58.404808358739984,52.03048336499236,45.749160423677395
80.0201840892729,44.795229299891744,59.04567925468828,55.202080354564394,46.003537055165204
78.61844062992941,49.41158010506735,55.88207729835524,47.35030138713069,50.72585620100431
79.11832323706625,50.54601399295564,59.67016036528197,53.288758774612766,49.427365819209534
79.55552225624903,49.457313205173435,56.2980654294223,49.67951455579693,49.23463881039747
80.51407195709575,40.42685428428194,58.05283351315021,54.445851213985,50.116624188278955
81.63878289744292,52.939042155822925,61.89507677676587,56.25708030835702,54.218670326964784
81.81694285952302,48.229438553254546,63.369647788488294,52.415664427085474,53.094478914965656
77.29105187810775,53.395020926227296,60.194026015663574,45.37898073059152,52.051008453700646
74.71531387168939,57.27802993802804,60.08151549892623,37.49162903080358,47.97031238052243
82.61523217672755,50.09568440086684,63.223550770985184,60.39153817388884,51.621169214659005
81.91590162253411,51.14059816170535,60.894663265177414,53.81391001245356,48.20151614117949
77.15499127103821,53.652981369091776,51.18619156763847,44.536880460581074,46.80746674383584
79.56348305006189,49.836186254276136,57.21663732905946,51.171565896197016,46.125880600693044
77.46146258255737,50.09926992090086,48.534500143424445,52.895656781365695,42.99161275604969
82.70965856357884,44.10818661367516,54.253489694824154,63.697357385489205,48.09711512206132
77.58452255746859,55.08058728607993,57.138731739400626,38.795968219412224,49.12761472668966
76.40619279934478,56.10416434379416,55.644214505607444,38.905841346395235,47.18057104202782
80.700898364968,44.80771820335597,61.8862746168282,47.87728958909041,48.28322835309565
81.26197054655856,45.793919269423554,60.56283130381786,53.12503698859238,43.940651520487
78.8458440558243,47.91192853226897,59.72048955080729,47.68106734989176,50.938514937006026
77.42440280740506,49.768607960788195,52.48917097097456,47.574314776689874,46.70541112452102
81.74154506035674,41.81155906553746,66.83528214659118,55.40822471746535,55.65934459386929
80.5280261595449,50.88285477292545,57.58170605751865,53.12497769057908,53.06171508906268
81.40203873565925,55.35578655505003,60.96729575216118,53.80757614859989,54.80405301071248
77.30204883360862,54.669579360382606,55.741510404721744,42.8944673787332,48.212243084238246
78.51859769930611,45.13349817058344,58.67814741012426,46.43141899372405,47.59395738976572
77.9960204873531,45.13113743262648,59.82501314246855,42.902035724817466,49.51951992932105
81.10317418378905,48.664153165276566,56.70264278026204,50.775409910670376,48.58509349231307
78.6786843182537,54.21444967523268,57.52594509891256,47.04676427200632,50.46185086586652
78.4427929383825,51.85847581205307,63.62745437934384,49.95178924509748,53.34547521615057
78.0354703743213,55.11031918333624,60.67191785855965,46.98060186191973,44.984095462746794
75.5689810396032,48.47376348903476,63.57808254625293,45.32909099222998,50.278250036730554
76.15709482778364,53.17335794057033,57.27395811773894,44.1608076808042,45.58845017417213
74.91772886885799,54.77177847933449,50.03005289350886,38.880528162157894,39.03300540533731
81.13787990035262,56.5521183261436,62.32153966904471,47.34328660838088,52.207411665196126
80.54145977688098,52.81834291651135,56.013165330367606,51.18801152941804,48.02848703436892
79.07198285574137,56.41832719519836,56.866635489568125,46.04097971629882,44.64398206159984
80.90902566483152,45.18044064806317,60.54717631876994,54.957408518279195,48.662066418337105
78.55798054585537,55.073775910994016,52.72567289325448,49.50187240139764,44.996767847606066
83.29218579200794,47.874912978103524,64.69275563358768,54.691767913547096,52.11280402462283
79.22142691366382,50.1656584481579,68.59025238435635,51.395546068161174,53.84856058802931
81.25936587852141,51.62332845997898,67.65016976194337,52.99818741419532,54.67077863466972
83.30716611692738,50.45851217120723,67.50142465992428,58.272697368810334,52.391827429578704
78.14594029198663,48.25403281552785,63.936317122493385,45.57352577137946,53.656427995070366
81.37915620144544,46.85552153938932,56.19519123220584,53.88645376145373,49.92067197199299
77.24033917913926,53.96743887170738,59.98974915613792,44.25247750935315,46.14637515232298
77.3453706503197,48.23867585680921,47.34877686078573,45.55902344784005,42.89806379872189
76.97827838475393,40.60558790549935,46.950954966261925,49.13699950359252,41.05283171940141
83.04810342403657,46.006084852947794,59.97428681916657,56.68231249643997,51.55048355529582
80.4182007604633,42.23139838003849,51.798963073360795,51.74597431350493,39.03088622294824
74.71602552606473,54.86720949129295,53.33232415672426,41.41842531013639,44.05239671321941
77.18107117144294,45.4190281468678,60.18540579152002,42.17207447221486,49.92240798086631
78.19808022629805,49.57752984848194,50.05081135060872,44.18281148585622,43.94340511681589
79.99169829793658,45.70450639592612,49.93916476407315,49.05003839118827,45.6153368009577
76.45590374753964,54.08972911492979,65.78889654302628,43.27413714891624,52.915030761030714
83.27749834433035,55.6873093588118,64.86528846439205,58.348626694298545,56.925700382929065
76.42759906241965,45.82547261689502,55.2283944886565,42.00008999866886,43.766956449123505
80.45746100766608,47.00804407022447,52.58832372521239,48.67027770817142,42.972137759046305
78.96340123765184,51.646123227435076,58.304578602194596,40.978469215686616,48.571653158326185
79.23108623733742,43.0516659323241,61.6024777957046,48.23676335104749,53.32361377519408
80.3197885739299,52.42642357165043,63.07583860932549,51.69211983420362,51.734894004131974
81.75349242748578,59.977256988834675,59.14481608174334,56.58002264541536,53.483704352764484
81.63316786456394,42.50630126475271,57.96125411259363,51.64713421802205,50.496444786801504
80.34980030718694,45.522066145510806,68.93848886043726,47.026565662332274,58.240195504107675
83.29917827753152,45.69018374819496,59.44162089290169,58.99288742895728,49.825256358390504
82.06936898575002,54.59632792029641,68.42036239004129,54.96937476058628,58.185264505061994
83.78135214847276,56.71462988169243,61.76527331849577,53.62435598402695,54.81203381252525
81.74580604166198,53.42408815563115,62.665750532199574,66.15580740824454,51.72699053510615
82.82071933252467,44.52648366492162,63.96643456665838,53.79826999019311,55.58061398800184
82.67223380918253,51.53861142048079,69.87496453318334,50.02239013217604,53.312196946485415
75.10285713933271,55.56012047828255,59.23081003817472,37.20654564135107,48.289723952529826
79.65273870297186,54.78217364277475,58.560707767590785,46.06905675170446,52.21636300740747
75.50096451536197,58.21951608729664,54.275007445665125,39.030272476598704,47.41041279770734
83.96862065053844,43.712760970069915,65.04687025168357,57.967659479383016,54.85031795442255
79.38304749140335,46.51934593751407,57.76938726970128,44.28621699981306,44.26111848364947
81.96848879640118,50.96515325255379,69.22600787830237,50.78489424001139,54.115140764748034
81.8383284085126,51.067354054788204,58.47202465678763,50.085800382922116,47.32426405857747
82.557903565433,43.694525110081806,64.28788562221662,58.874026928042404,50.03762219246644
79.40542371935958,50.17051847479975,67.28624058510093,49.62095296693118,55.306053195903175
79.92965451891112,48.400170821277044,73.48700877783456,50.4305815875545,57.38284345578078
79.1563351923846,47.640236439648746,60.78987948555218,41.79635490814554,51.73037285241692
78.82359014578721,51.549913078126295,63.68071947426846,53.49911252184121,52.03949818221123
79.96267540901263,50.240374084618566,55.352817101525275,48.216587085729756,52.4048459316969
80.22407406978674,39.52029625114261,57.930217093631164,46.040603227274616,51.70805702207573
81.7046501533662,50.4829682403629,61.97193645542974,44.97616715485242,51.315482339258594
82.12907108200129,50.22449250573894,53.837087592821035,53.92856506259937,45.7102430156511
81.40074541512026,45.12048687670579,69.48362854712558,51.17636592433429,56.52535910224332
80.09138720485505,49.121701198347104,61.260637334226764,49.57156499184105,49.197388200256974
80.28645166710942,50.86554608802749,50.04378994782274,46.12123838241928,44.14881840910912
78.80795169538611,55.61922687218796,61.15487297813018,51.09233522907262,50.72134937638276
79.9699735937766,51.543396443451506,57.05671960075557,49.117983489564054,48.287952635727954
77.79410424928189,48.160589667507075,57.363439800849214,48.08511877704032,43.54327119791431
81.45297549487343,43.45065317984587,58.22301918192449,53.158576825692215,48.753494481992135
79.33982380198972,53.41024075811931,55.940448337824066,44.35992884335661,47.40967660090528
84.74924417372327,48.81907722010601,64.6216961757028,59.05895023367135,50.416376604890374
78.69345057319084,47.38919278013145,56.51388965779391,40.035574331149235,49.555360452961544
79.480838568793,51.48631660842296,54.228464130849964,48.44624625389644,47.26474192088043
81.18587943011866,52.41504548549943,61.38769359811796,53.691040913275366,52.05231575359074
78.07008262378713,44.480498816871716,55.721445083187945,46.90038415055095,49.82741436340749
78.26701569190384,50.771221013566915,64.23832537174228,54.04220103918865,50.230818159446166
74.16033791583871,51.57409636495489,55.228609044585106,40.719482139238124,48.46373608546723
82.55158900643231,43.978931906980705,63.92022301146101,53.848606628760166,57.64656903374209
81.30362240389627,46.18773262692934,55.226090493046016,50.982814416727514,46.79249671556401
82.11952814735588,50.53998615744355,55.4221875500516,53.48468868151207,47.21832703388981
81.89537323105296,45.141130061834104,65.92790700775892,52.10356287655085,56.026817373407056
82.2400146408388,47.84803605144125,55.20282219426115,58.505859668874066,48.96015090003633
79.3477943822104,49.78029861893092,58.278950148749054,45.38454696541859,47.21263271321115
81.33865021339496,53.10504299801838,59.95523447907772,52.77640170682712,52.367135488871256
79.1982637623502,56.337797204387705,64.23480974275553,55.004534523493554,48.40881938896894
78.21873468220747,56.48232162712892,65.67540488966473,44.09298688435672,59.408501478770845
79.8131967860749,57.742519600274015,60.28766885521779,47.12852840316995,50.91320341041344
78.76082414348224,57.751779805729356,62.99054912923907,46.50692207483796,50.854364259692396
77.12607090192309,43.46953175747393,58.30695805859173,46.70917166674075,48.46750201246537
79.26506869281735,52.640690578649114,58.21498336689255,44.93692860339005,50.57393456372532
79.8768904308507,46.00499760121182,65.1636547707712,46.60829538512459,54.80306877994548
81.75705279651642,53.037688742184656,57.51788696399828,55.85438806458192,46.93221125536415
79.59084149333627,45.66383399719413,61.87990055515903,50.92815498895388,50.53939452765681
79.19668090109609,55.820198282818374,53.92819111306908,49.85751522075253,48.5496006249876
79.32428685865064,54.392017741786184,67.93538561381285,53.20629279656211,53.29752829729288
80.39755269996625,54.7155155808596,65.90756090696796,45.285959868582225,51.7794350363276
81.74910343512367,47.606146362680434,68.12444949108614,54.55114503357775,54.806576541848834
76.61351904881349,52.47913158197382,58.133601142328914,43.84637533477267,49.2166885399651
79.03859814542753,51.17698938670607,52.15715672019474,47.48438404805532,44.581050642956924
79.48597900475146,57.5119301239976,55.54902808032208,48.62830484717097,49.507392354231236
81.05205470945269,48.138400908402026,57.06241296153707,59.876085573463705,52.79297659933937
79.93958771550142,49.199713699232724,59.26721290984819,53.56506530387508,48.99977310664719
80.0702202866157,38.532184231160464,66.17187288134842,52.30978906555665,51.5575691252822
79.41266530812061,44.89056485970405,67.74438128985587,48.48368306674743,52.89225577148506
81.05260945637959,45.671413108163684,65.7915876601641,54.86094475246122,51.73441464951893
79.49545256070115,56.686145607767635,62.476347862834366,52.24547611260773,50.19790037678668
79.3005889261649,46.95613301191498,58.70664802767234,45.38537701186625,46.384157877962046
80.05897680773842,51.16916189201371,58.30841525186451,49.24833764685549,49.59632686661721
80.40338205155153,45.38603094591929,64.41362962725502,48.7982975034359,53.823125485480595
84.14268334663093,43.61810097102312,53.55173240758276,52.99595187389188,50.23142213623429
83.07103308081652,48.10410406061992,66.11646547287965,59.508994723137235,57.039359319598155
79.82385315923597,51.355039429196665,55.1254591241482,50.30401521534393,44.17026087071518
77.06601278913979,52.25967817718165,51.569557492728826,47.950106643926375,46.03423157055216
85.63851019894095,49.93428836803616,61.63351453362092,58.297682374826195,54.348741629137265
79.29684759653597,46.29573684901034,48.145677874047855,44.99571661442888,37.334334283132456
77.6224818660859,55.344760283518575,58.35360400136963,46.43128191039017,49.367427166266076
80.27609970598789,40.3761931074105,64.72125491305408,42.60636992166765,53.79619786219684
85.40476077656332,44.37115211882482,57.685972249845975,57.14604905312861,48.66310016782079
79.19953876740105,49.205952351425104,51.38683956903248,57.27082050216692,40.62248568512277
76.8436780453935,45.56504764091435,54.21794246703825,43.16554390040463,41.84565105402511
77.31524093756842,45.05503484222702,68.29134589031605,43.187370144687414,55.49159687579919
76.48128554935167,55.23316464729794,57.174244394399636,36.29305860548555,46.437865765828704
79.77079435376709,50.86466819687043,60.931232088957536,47.664461879248655,50.7884694303447
80.34209995909485,51.079025743882575,60.840455524441474,46.09315806988137,49.975488366436196
84.31843256848457,47.60580189386368,49.853541950447216,59.5756760396751,45.120855016696524
78.98021744797295,48.58952892276888,64.45465441149061,47.61711730048749,51.66292607315515
79.09866487851806,49.776703069605546,68.63317962634943,55.210877904673886,51.31520935337864
80.13012287956431,44.512644806453764,67.0140929401756,47.1807602407679,52.40130075344351
79.03639928746512,50.490873625763776,59.19358662810363,46.171683095067216,52.095914343465545
78.74752866087192,52.007715043472814,57.918631469511034,51.198663864382404,51.12251543544959
78.5790130757193,49.273826337438656,43.65614224780576,44.22182327417765,34.79043981698151
79.67130821820761,43.4159897067987,52.41340280726182,49.80718406353436,45.24297380472574
80.75184662609225,42.461642752236706,62.25739738557045,48.812638065323306,50.23218577474688
82.07141620211826,49.027742876160914,63.083926906288696,51.41808067584012,53.567978309438764
84.1229517936673,49.15278274120168,61.61738137008661,57.449444822792394,49.75893347239787
78.53514743816733,45.73854853223957,56.783567425166794,41.548373497862805,50.341118235696676
81.60627892781717,47.11323697055665,55.69726251855457,52.40906282631713,46.668941064372376
77.14619521697074,48.42452825888259,50.96001037445541,44.16662026097873,43.6459929315168
77.09824778086912,48.28080892866411,59.892440343675226,46.14943277538203,47.65358248354896
80.66715223462903,53.179631432093956,64.40088910580553,55.8717068059958,49.70033027703908
76.4092053691204,54.35062414285116,62.6659134689594,40.68767299156416,54.814614624227104
80.98446321277015,52.87144879455478,61.3385325223994,49.25421193490274,50.918435713661786
81.169500065712,53.36854121280341,60.0011109987482,47.5513917363517,51.422603347525005
81.29765886642492,46.76883913748357,57.40252643612715,62.11780984347571,48.724146211911446
77.10563335794085,51.37079598989252,48.0512685923141,50.00003544686321,44.4195162712508
79.92060408489304,49.3376775374339,61.63629014909292,53.07396617455153,52.10900727976026
81.61844530531977,44.428234691768445,65.46743211690624,52.12831903343475,52.92328024389689
76.41334117241846,49.196207040913215,50.378616679802704,36.80096451488927,45.5154124800644
76.26030257025411,53.142512904672984,52.70074452991486,39.799690852190984,47.08991838944097
77.96641970272421,48.415827396229275,58.312578354148236,50.181504679521964,49.62244601691084
82.37217343841215,46.0246159511835,64.06456632236397,56.40389633313526,53.2620102272503
85.18332190819245,51.36329460119175,51.38175403833301,62.64460926822889,44.75736038386035
82.22659658434345,42.61330508483082,63.41246060309893,53.07030755306553,55.2142651086977
75.02395974620805,53.38541023349924,51.57394919356223,39.7783701386247,40.20407022247667
81.82735387806473,47.107873873024964,63.451601359098525,46.82306111396845,49.81219300002845
81.24260193512679,43.209306640162545,52.85362184278934,51.19802040206695,46.31420582878238
78.35306337593934,58.47254787230585,57.9764344529783,53.59864539226446,51.62024447041936
78.1952764726207,48.75084014017521,64.6379526880534,46.153542978704884,53.45469546374316
81.43748113183973,53.42029483840145,69.23704974301155,52.523362536969515,55.941509252017674
78.50744434593359,54.728068775001624,62.3926469787152,46.17165111775697,54.145522574710064
81.13735812716043,57.17552182465147,63.790396625812576,56.16310823221968,55.25739262509011
82.52687046905676,50.00212228349104,60.14366676624307,60.27016412725681,53.261495163146336
79.40176540601665,49.841624266223405,65.67685710792692,52.088560495488984,58.30638438330429
81.85246286451691,45.33731454367923,58.08183906311162,54.54601130270537,48.137643153399615
79.96212204117793,54.24922908375149,58.68822944133758,49.012949174042845,48.17084020781483
79.31830591659455,50.44783328510952,49.688674130862694,48.0843636693797,44.27465107917676
79.89123818378131,49.974354479979105,56.72972842452467,48.79495459084469,50.678556927894874
83.88767743187121,41.72504231036763,64.97763881055678,60.86904429478975,54.45597977862523
83.48846943060536,46.3588514327353,58.71436604275759,54.96938362884126,48.0038041152955
82.29715292147309,46.59220823472095,61.902391614674144,54.0973804451802,52.12857598934355
77.02044137113198,56.51122868235161,52.613137826398265,43.021020330431185,45.51374275644918
81.46589443822108,54.96526639083957,53.46631740266553,49.78614929764213,48.532346557737064
77.3605230460836,52.021996359759044,54.54287923270965,41.24392957792561,45.71876296272276
78.67063043882796,45.57475210610894,55.87941858274597,44.35384306506334,48.5504859775844
85.80829541205584,51.38666486736116,71.25954124771631,60.68402377104578,56.22581350586578
80.6731002249553,45.518923884847,57.61747329034869,46.965585518472956,46.104508381897766
82.52916318459383,43.58031004281594,57.34579516127897,53.16165842157885,49.215652781410974
82.3389368673232,47.408603006185935,48.98024231160099,52.44546949665022,44.840693159180816
81.09906759493458,50.16502643729863,63.95834946491923,52.45866080527222,56.13976313803498
77.29712719417276,53.06043903549063,54.08394105366511,50.53143966527251,45.35841400317895
77.86787645873169,56.6425936134078,56.766902408311346,49.366006027255985,44.05089747593901
82.67350045605741,42.35495566337261,62.823823164021,56.32668592274649,55.768423098670034
75.00434764016815,55.91722790784589,55.74423437144042,38.422836164893766,47.804456848556626
81.00713851001271,44.35800365866357,59.17257359686695,52.408068035623494,48.27240254667978
79.9559085112861,48.92445002791926,58.721366838085835,52.4488533534757,53.57678751243468
80.36712645852684,44.5748908158136,59.20080139810123,51.42355308819313,48.983417590540654
79.059478273284,53.489744743759,58.216491126518385,45.78849948204257,49.96967443116565
83.5565493765183,43.95873524517982,71.48493987744422,58.979919280564204,62.14773142405565
78.82039868740227,62.908114280480774,61.36459863779001,44.2275664621338,52.09217916648051
83.93122539889849,48.75780103664474,55.7925624401537,57.746918687709986,47.09194154761596
81.01045095781114,52.99657727677693,60.82910322364335,48.44491760522659,45.37746462128759
80.25699652147783,50.96137916400987,59.632982648748495,50.86112150218163,52.68138074829929
83.90932861414058,44.59322517996098,63.990106735300394,58.42738486416131,54.50793617160982
81.78102651959705,46.43622640305973,59.60781929193494,57.966327491448304,49.083716670173736
84.81505703009667,51.989079633951114,66.54986691154238,65.52324489649297,57.69242619652554
82.17839561974175,50.43304569836343,56.587116334382834,54.51493676134658,51.19263638622244
78.28437704589545,42.714654796307016,55.23799654313358,47.33570420570748,46.794479103642715
83.65259088412806,48.6092290533171,60.59164876495915,56.841793514642674,48.76762248509019
78.97081581274604,50.28301964039976,47.55230422376954,48.31232493780904,43.592258702437164
82.92228721102182,42.4835477255045,63.670032348571645,62.474204034782254,51.43996373836548
78.61870270538856,46.86269795737667,58.14997441644805,41.781079694089726,49.79468757415495
84.02223833175421,49.99603417136288,62.67913258235437,55.452741637330305,56.23244893257559
79.44786432347657,47.46367957038992,61.21378123096662,52.57346474748579,50.118910467407
77.05070780552029,49.716857660067625,60.9522361991994,45.424540484851214,50.497617433681924
80.78711112522656,46.57679667535968,55.75252361859657,51.25328242479321,42.527958355549345
77.5445196430905,46.34447208715397,48.61669037193799,46.32244899280503,41.65603401411816
77.85661553975758,51.59426640064987,62.05333701606217,49.75952417552463,48.325616112125
79.29496937780705,54.54594879362058,69.04501688688886,52.71771324256922,54.93897567570488
81.2222462786761,52.47082113640828,67.21744948342798,56.941572787702235,54.39492595394698
79.78844643607698,51.3787727866168,54.86164385127731,47.50990343615926,49.55028519735934
80.21815022137852,51.412228836879855,56.92830644473063,50.06200606516239,51.30030441015989
83.46282350995446,38.18126540723105,58.66153031853753,51.62399747493538,50.07410214262618
80.56977700584186,43.03508434722706,59.53456066431768,56.473900771773195,48.25771888247282
84.00299222994346,44.129270193786326,51.51543657802968,60.40417289127616,47.98590345854235
78.50379158020819,49.22448667515698,59.951763952774854,50.68403867833841,44.32859891944148
82.34932620316191,47.90648029735892,60.01076969316732,59.43985831309153,47.86175339696141
78.09759733695908,53.268043762557426,53.07090020855783,40.94313582620171,47.23985014039379
80.00743580705846,45.40601029853198,59.22067622659031,47.65002073600288,48.11241367571285
83.10327100552516,51.99341823680403,62.26902342300014,45.38134513202041,53.03729332154657
82.79594153613604,41.96359047400824,60.125970334686556,56.2385390029283,50.10808685312297
83.81555221348712,47.35114362506468,60.500677933325946,53.40742253723442,49.51106222918084
79.62709647543657,47.42352780581449,60.189052249390066,49.69247834916119,49.62347863743829
78.31202721315748,49.58217807424941,75.02990284385993,46.02412103742065,60.35422905470733
79.09494167113016,46.15303608467504,57.15118473560031,48.47297620064435,51.97956168324165
79.03720212676711,51.15402665352418,65.10213271056759,48.18427677236435,51.74514779196515
82.14616770184405,53.225393282333464,60.26293890966073,56.212625829330996,46.52088048147292
80.55284337203513,46.90640232024776,63.074344102787606,50.45067897172344,49.08912065212341
80.63599556722565,51.22425877779344,57.26827414938056,48.53005708286663,45.41695601061096
79.29428264062551,52.62982586026456,49.56582223156209,49.61909127859333,44.693552772396345
79.71148881390629,51.4582555723404,55.27888661836973,57.309309666532855,44.25636747237306
77.95836774108109,58.702665403265556,57.04650117817887,45.02004753643092,49.998540297361615
83.85860872170164,47.71812802539436,55.864835161726525,53.861500390901554,47.30517381578544
78.02527678313123,55.87859610793127,65.69698119129622,41.999575538857115,54.29194926771224
82.42664201316644,52.34057779700625,60.75638903397696,53.45861222276866,50.294619810052694
81.85567809770576,48.85069598284823,54.47303146774998,55.4525028123506,50.31033495541833
78.46863040922821,54.827358375153274,64.05933736545931,44.47608883155334,49.422263568818806
79.3675745385192,50.57572849505734,69.91596636813611,53.325588437338766,55.13991162389404
74.91651580178194,53.95716283593342,55.67582588438576,38.65822523774853,44.99286372501292
78.57489519946725,53.40404012221061,58.49597789704643,46.84939384762209,45.708343654223285
79.43738415330273,51.61965700894223,55.779275468375786,48.49907457145431,48.69413282104452
84.0622996045757,35.80239396142437,54.18662556995684,60.99053273037457,48.73359197605914
78.3888152967093,56.10216827807378,54.990766737564954,46.28191433938438,50.857948171284754
78.72993087425823,52.89624596324589,60.030720467325594,53.14737793055566,51.20867510241414
77.42583651983546,48.31368977698027,58.08264359397714,42.5927389961025,46.45659937921914
81.81652863415138,54.73971595269609,68.4931387176356,46.91701149383891,57.926162962662595
79.03316053930695,47.86947975533496,63.198703882432696,49.843736980946,52.796773789310684
84.17425096121777,37.57444589394508,62.67025416281993,66.75240636157679,53.32993898164614
80.85455258105517,53.46893221016762,60.77841497794292,48.72489644799561,52.613572764723514
77.01544723249744,52.27865091239172,55.693924126989074,42.47785420371003,46.37753604714975
81.92311002635833,50.90607461879677,69.90641981818716,51.30508678864563,55.66317289292608
77.28401087133571,49.15547108265769,64.47248322552647,43.81471835286034,55.75509127898425
83.98605447570047,45.58703726877634,63.99897965438514,57.835120738940724,50.400335483837985
81.94827931756338,52.05677649145398,64.48890142090676,54.533141212498236,53.29197923673695
87.33259948269549,48.96812196138745,62.77308775434229,66.16581392067889,55.640041336529166
77.86176619721367,57.1143727797087,59.743604999119086,51.492661911170714,46.51516720274128
78.35898779018413,57.69938395652742,58.85669670773702,49.42072435799865,49.21889454210407
85.19770940695703,42.96642847101682,53.18185281403141,61.337073019730916,48.79300885948877
79.89459823495044,45.77278033456567,62.308958642623985,53.337886568558694,54.47419043179576
81.80364604354122,43.46262003356439,53.096826962319774,52.29911601085264,50.09415697347142
81.91456629515774,39.35385095167254,58.6675320472094,56.18086050536936,50.278195222159766
76.66402296818,48.441911287533095,51.96073500162575,36.90696724507197,43.817484255527184
81.61040516636723,55.934620740791985,61.990678486552014,50.818559485452866,48.59926846752949
80.84810735606588,52.46420158727991,61.34901481233534,59.46922046508791,49.90563986021431
75.89489152666819,57.20432726033616,60.8146350005247,40.90712565733944,50.20945807401622
83.98821698929454,44.064359193389606,57.25123291743168,52.40181165300358,48.18435100511432
78.1622720675518,45.32470245017463,60.437283758276855,47.218955171045934,55.679179117076345
75.9445647076392,50.45652096408493,64.18790322296294,44.18872487482089,52.11481161299292
77.6407773765079,53.39334995175004,50.27852055441265,47.26947156175699,40.65139372475519
78.54967278742936,54.106642651989766,62.5589798932112,46.09680580424934,53.34076600500451
82.8269320178822,49.81426615267031,57.88616088906363,55.240527360141776,52.22359078657564
79.78513958907358,60.091048665300455,60.32591429975295,51.678556868964876,55.40915909362695
81.81312847628347,44.578560930037064,59.08215483198819,47.575374623767395,50.99975105792957
82.37409310068476,56.26555646794508,58.45468341386914,50.17553430247412,47.36593089431881
79.38474967277698,51.973592388852985,55.83685186395743,47.88374950062858,46.13012285898043
77.32546226427897,50.912307162143044,64.32704961618087,44.86178368236928,51.43324618507148
75.71599694946865,51.791617568803815,61.15254329957908,49.282671251549765,51.23534268844084
85.33985840922745,44.51704343538553,71.77571147397761,65.79698906803151,60.06254224996988
84.8766486406568,45.972773303358295,64.12791791129132,64.89776002925284,51.9487616094746
79.36033484933336,54.150525614087,59.40762855516364,49.88490858456787,51.775878075807704
79.9824412931591,46.948406487307494,62.46289611710689,51.96888645452366,52.16012747187028
80.0695433636582,53.21923938690732,55.59347040846699,53.580856949408485,46.46214070994864
82.14909226597618,46.83594817056153,61.71154813435284,56.93674778750741,53.018720711151246
79.49047568198561,47.79310907141267,63.09535251625992,54.42634597297701,57.726012457469196
83.15881659937057,54.63282268386585,60.724991210727545,58.889643970574234,48.78283451018142
80.3202282780525,44.12346711019487,52.93306987095766,48.229881079037284,43.83092857937629
81.7376186830292,50.01252792448034,51.19646511434198,61.864855445815046,47.57623349609354
80.18245393825443,49.86151134250554,64.03017238392805,54.737991889164846,50.48873980711096
78.10743735153264,54.349501681020364,61.5644034717324,46.57191767819183,53.246659961122766
78.28600797282314,51.78176467338393,54.177895430829004,45.41256443416475,42.8912139455929
83.68150225468825,49.482413019593054,73.25162895539209,60.017149373773194,61.140390773477705
80.68818704020337,47.11435557177603,54.19136384667921,51.82290843418688,44.844383626430016
80.52601273287397,55.36314592578264,63.338107523724005,50.991407905001076,50.40275775792885
80.71345831041702,55.02155003438962,69.26217167794857,58.12633679199121,58.04808241332735
83.68876271866421,47.22259685852714,76.85830362369015,55.84896331447238,60.901336089127916
76.67295103020857,50.38874120788498,61.89441111874034,34.64868591869416,43.4604372182309
79.96758458410541,48.25422141174487,58.74312724544016,53.895704686385265,50.380539785748404
74.51155372448011,59.34910067649155,60.91031171306804,40.452750164358484,45.37862284713487
80.4628383845926,48.24745154368996,58.27077078460904,55.054995587212616,51.86215800782337
80.29762151609316,46.40523093023502,61.27809923375088,47.247024152519884,51.030373901839994
81.62482587949079,46.51371846368,63.26472217482162,49.394601630488815,52.939778705909696
83.79422916742543,49.01139916203075,61.59016416157753,60.981263055447656,55.199584864380746
79.74769705139735,50.090236848774246,55.16536978515391,48.60253094925777,45.34180128932336
78.12702482006334,48.60079231043399,69.11402101319887,39.95229859372649,55.28630935321287
82.2639840423214,51.327286978369166,59.42619675867873,52.173264557389444,49.15862968682632
81.71756955100014,56.30107874311935,63.523555163536784,48.8603426562075,54.78480359329189
81.06625936455015,46.294209285354306,62.21324903200544,50.077001576163475,54.991589040126
80.45673129869725,49.66670736771731,69.90822790349787,51.35629540042262,52.4262831956706
82.34824788027979,50.09954746961198,57.083482102298056,58.39408865930506,51.25839750463878
80.51988450400316,53.6422912202182,67.21337261814863,52.193306070645306,54.338782860771914
82.62398715301325,56.30437766217691,55.89475705060474,55.67710928653297,53.91849813696159
80.48186151178334,43.7039901033968,52.888613870903775,44.86093283576789,39.08144245626072
79.54052714119244,48.439377421816445,61.783574692635135,48.314650668265934,51.860155443944265
79.59454854334174,46.917632400488486,51.318527308053824,57.62077646599807,43.02031306543873
78.72644718422723,58.73134015144255,69.28091614952025,44.66978581010562,53.99253309472934
84.2480077637987,45.55445490697485,58.098012688549055,56.82818087078536,51.179704106870155
84.15561241449488,39.91191853431585,60.58804071787287,58.6022294506847,50.36731275473478
81.2761010932701,41.209739359414925,63.633191137745,49.96580469833171,51.91014476324793
79.96196171026111,49.16931271612584,62.922463302092545,48.953616546486224,50.098908071509534
75.195341184044,56.87866886568791,66.10231197019179,38.75102642363053,51.54226587255814
82.31789238438851,46.71372236993413,63.72737120061431,51.528612965021104,49.98861099642049
80.34897850063304,43.91555583735528,53.1703614669407,50.09760286388691,44.26979169055367
78.09642189410917,53.659768067173125,62.01358514371335,42.599832724023024,46.73815741634883
82.63071713709274,43.2416357797453,58.79291358302902,53.52191630599196,51.30633336656269
78.2899238966043,46.58610229331395,54.613871037245275,44.75731218159709,47.47579481269805
81.8098939744833,50.55397318870375,70.29435367467542,57.965406975022816,52.839845736142195
80.8937382664226,51.35347192099648,60.78118583862613,51.90229945741326,50.015974141229584
78.61290762477807,52.39810044273328,65.95778652930856,46.51053693252589,50.41669183926264
79.83046971406624,55.12075031872541,60.675126747600544,49.73603449678776,50.10499294467334
82.27987191251889,49.25276943886123,63.64332584326142,54.194010706742816,50.984340828246566
79.19246403395017,51.060051212798996,64.77006135948986,51.23580522928658,54.88757191603705
78.90072344692183,47.98150489954152,59.63187043100919,45.92911288273955,50.51003260572157
75.3037695729107,60.207892296816176,63.048486537978,38.99861292103667,48.92194167175338
81.28256721596752,44.30155146811089,52.84106832567315,55.62987975114234,48.29641136205359
78.75209966969713,47.4665893171155,60.6947171433672,50.81766856551374,49.38857128979289
77.73439277292294,57.34458854876385,63.4344101910548,51.764452810346434,53.578167061173474
81.17933910658195,41.92119980731648,62.6260855632122,50.13075061056164,52.27395736856074
78.46896797060548,48.864897070534845,57.86564883111848,46.98192683832745,47.986393890654156
81.47850512586002,49.969527926938255,53.11127380051855,56.60680662925812,45.862960286783505
83.47928887408528,51.24715497379827,64.65741845169978,57.51046672755216,53.12814987175909
81.39946232052694,59.40621692386844,68.36212795378796,51.05851104800968,55.604978449034846
81.03933602611274,51.741939497862745,49.71145282825154,51.48986797236282,42.23258524598855
71.91438411669442,58.983709040716796,52.205125775063,38.25993971572481,44.24498212638796
83.06633379053892,53.815527012776265,70.9038567665898,48.27981721788317,57.2373600889647
84.95560755213883,37.99683193370243,65.01893468584682,68.02774341041369,53.22133204710366
78.46123021037567,42.70072123585446,56.75161219639021,47.05532441684637,47.55054358300561
78.00837174406514,52.9881403271853,56.88380263776929,46.09656246392381,46.028363135252114
79.25071575742383,44.85567439499202,54.31029561707313,50.78613201644516,42.68553975202109
78.82069287445874,54.199758134895305,53.94470103176291,51.18927895187699,44.941407890417224
79.78341038207968,51.50436229395561,62.65871747577999,43.98370743907312,52.414422737112005
80.04933978622975,45.786489923659964,64.20596639532272,48.42988154975725,50.661845939354194
85.51465012217047,47.61617183999327,59.62073363636998,64.00549072764869,49.11263401477549
82.28553228752818,48.04341447237836,61.13184470645119,56.82116438109158,54.91468792043028
77.41142525414531,50.5819828291279,53.87428444205804,46.562920180867124,44.29279589587826
79.80790841295938,51.30965613342597,62.423614058081625,50.10869688352487,53.08613734558881
83.46919464756766,44.51037427916171,59.56771736334452,55.9620875066795,47.67347870756774
78.8216350599247,54.729296031397816,54.4116856230152,45.42877307876884,44.449027604363195
77.20879725897281,55.83791485581679,62.68781644419486,44.62183074255348,50.27617865979433
77.16890917315041,51.879957447885225,57.3156164982797,43.161080064531816,43.76274655980449
76.4417655928939,62.24260166315295,62.76634977335951,44.72741177376008,52.92876763579158
80.99420775191709,51.17381144904908,58.2986122821963,45.43690703029023,51.31071936535368
85.11155952383697,45.43130509608642,54.82449070500488,61.135099827224195,48.47478020221121
83.34144998664242,51.15197699144785,54.33312923024001,54.3655976215017,44.703091399810624
79.52704671959034,42.61006078005533,59.663423894790874,50.02860040045688,49.003965451318585
84.64802256453841,45.747684912674465,70.06620401298531,59.002345492369244,57.84960506997096
83.28201692357788,43.522636345441356,63.55186285653221,55.65316357990373,53.212845467140696
82.3602853031281,46.98736376585965,51.18708170223895,56.01284808739477,44.47828079673151
77.6094775864751,49.226039762331034,60.05549883010325,44.10936456011229,50.6581322301648
81.1284127984088,50.441136834305816,51.09690280424774,55.25976093975042,41.76029925718737
78.40973239731753,52.41720369079469,59.367240677406016,48.65257624745059,54.259581050866885
82.67334555019386,47.69097011863805,54.608341329250095,56.86885535285549,49.64238277737913
81.96824123513716,47.71344100211998,65.62196058071702,48.979118083743884,52.74177749801137
77.32377747055102,54.296105070011706,57.05990879924086,51.798754801086986,47.712394344821575
79.8348186886183,51.8932545265118,55.2601889274816,45.68787889484145,47.09490460503968
80.05125824570892,51.19367181757458,54.79659589261743,47.063482045135046,45.9920169966861
78.92665469269731,52.79473125648484,55.7935052136803,42.19179713889444,47.25556371721013
82.74672269096719,50.80179529193425,61.236589615942584,57.715351137432364,53.87044288467766
80.44822333207189,49.544350552569185,61.22047115109495,49.3133801406784,55.722614589269355
80.6640569691213,48.915684912135305,66.29000787798122,53.308879095478645,61.23287646066969
76.5121208363724,49.84122470894447,54.83066478857081,35.08166679976139,42.53651603044172
75.15713947022114,57.31201555772098,53.154642389754535,38.50145740294558,43.324378636926156
78.42600475056024,46.41326443227235,59.97707881353721,45.4677522691963,51.6939845566686
80.84572091761704,51.369784491823964,59.05575184807615,47.64983648812455,46.69374576331923
81.8182364405525,45.319722646074574,55.5719499631826,51.20590044709348,47.05388243457778
77.23048940152206,48.37204567335059,56.85989324419092,43.54813180349673,46.93787206227828
80.67312326859219,52.403422518465504,54.80222332233547,46.77489774025168,47.06447772662797
82.21639659500545,46.59066842870115,66.66553031249862,49.45620587947121,52.21459844260674
77.48078331409643,51.76146713612131,57.56254797940164,40.825501036600556,51.752277115776614
81.00188382663785,49.74141403845488,61.67325444329802,50.11422344067165,49.80452214353683
82.92114883674402,37.66307468859021,61.295806836426856,57.28433990592268,47.77164584069282
78.88640767866751,46.91854614042093,57.13645152888027,46.17426580305798,50.957939715057705
82.2244958680494,46.554278397938134,57.411088852072616,50.68977956359074,48.96684318684476
79.27113572012888,51.41052886210227,55.31279369133986,48.74357444487906,48.64449446332379
77.50145430789668,55.209441124164904,57.28811406765248,49.65733910100686,49.77143884029381
80.25657149118123,54.10230126365429,52.21692366119537,49.494746797264675,44.196293159936445
77.01646702726812,52.05018579468189,69.63868120993398,42.36870280421475,55.04427425856272
78.2703381135467,45.73158524836164,61.280461583790945,43.93016376944233,49.29360601161559
81.86851881132692,50.26455374557639,56.49741405134149,53.77333283082479,52.02499065947357
81.96255744924422,51.4616686118049,57.56429314503668,57.33540525767768,50.51884400345286
76.16678004000195,49.01221057027086,59.05903646930611,41.8634903783452,47.34922179324915
78.99881456101197,54.472448563164235,65.36714017388589,43.323969232392066,51.20803874665788
80.93782324092919,54.526117122840915,51.198251156968574,55.18872086501663,47.080129152025584
82.63560659287911,52.41205930713251,66.6686557440338,50.60606494809932,53.38948756319199
78.2641537268827,44.17005323686888,60.73158789101491,43.44616254794281,51.38801858457741
84.6519639238739,48.73982673071136,70.54722158973728,57.82141712285337,58.15085049880997
81.252954885577,46.67590066645792,70.08594679509844,53.12524818398847,54.91081547787613
80.95475852678172,52.73967054124521,66.17313740787068,47.51864455160939,55.98623756220255
80.24252704388256,48.84697492697547,68.72498657925036,50.477935726634335,54.9273121892305
84.86767650841769,47.273496548537935,62.39160519892432,64.26298898795999,55.585574141218764
82.06513643104306,51.23639984407755,59.9700480334253,54.047706969236955,51.807193062748254
83.17172407100077,56.78676228393489,69.01477397554584,59.988297988957015,54.34856577333436
83.27146886309127,48.93589838455705,70.35277000548545,52.48422301662226,57.94627577338345
78.23203557321756,49.3610692896946,58.333610896019415,45.65199741116817,50.67074816938956
81.27745295749223,44.54758106091519,60.5357479410401,48.32370513908846,47.4470567304097
85.70893385765433,47.40704633148086,67.58218494064948,65.20832474317795,53.53221818840442
81.97351780390606,48.634484761369265,56.04955053815759,54.39149498610645,50.333405360861896
79.90937510950366,49.734488240168204,63.78669111483292,47.87435209981006,57.094812420338684
79.77977599963415,50.9354670765391,64.97060890714268,46.73986680742881,52.95173822099249
80.02422681377968,52.61287566527519,59.95820394629159,47.79362620725571,50.10818095197662
79.80859631558803,51.28184136027943,56.61105707617908,50.8836071019891,49.48184755366699
75.52933859249552,51.68865446401267,59.21427840478466,47.61660521713899,47.86961104834103
78.01959720478816,54.89143452859665,62.83921221713722,46.79100833360434,52.77476037556839
78.66583189039451,49.28520876689306,64.34246891498195,48.18458247884637,50.521860411550826
80.24097032638,48.97565650332182,60.081234132400496,52.56932754838563,47.73512067439217
78.45283264542851,50.617085150183655,61.49570166669508,44.33423361937756,52.549180222575
80.8472277923303,48.95050035008713,64.95818354121158,46.93266213034457,52.8754423466976
81.20250608245965,50.66116668479165,52.398404519997854,52.06960997910505,40.979912016431584
81.5608405120305,49.0414568881139,52.25096305611583,49.17449034246397,48.14954871760013
78.95581482987298,51.32230458543176,57.67322030074032,46.028286385317664,45.67647736899877
81.43818052316824,39.356474653495475,64.7138709831664,53.47330452272815,57.379710972933644
78.58244121034619,47.981385184251636,61.87682764089953,51.12914875245179,52.99191315920264
83.06135710729754,46.53566418322618,64.91695865637628,58.841372118441896,55.35976049060527
78.63560683104042,53.834440435950526,62.56022840141525,46.38734100961166,52.42648146855031
83.7977562166465,47.55424334429609,63.49972025951408,55.621141478762084,48.91380568039074
81.36838879590101,42.362263066204754,62.74465172847266,54.40705433838667,54.454967723235676
83.93425502040667,44.58204052409294,60.57753608261332,54.7702071629033,49.15796399114403
77.99765477669669,46.85561900497634,55.534680978281685,40.29036852152024,45.8057501753422
76.65675052097377,58.252233132796874,48.59147233979866,40.190973003379874,43.873495830466645
81.73889853415844,41.654885627365,66.31127024803058,51.66797082403371,52.14544610089493
76.96396343733991,57.725550176555686,58.37954621993177,44.686820722672,45.37114974015965
80.29572292675701,49.76249829338178,67.6859266769604,45.545013673349224,56.13637031697381
83.9072655856974,46.54530841084379,67.3323992917769,56.77459228873126,55.67681866012215
79.36296277709769,51.65092109220379,64.53689419996724,50.53904990735022,53.87591684801446
79.44033825849183,52.153545591702894,56.974830230621,47.05327804881244,47.64008469846458
79.05442768350979,52.920010356791515,48.2735861630837,53.60800912677181,40.62775289156835
77.7514334206672,46.56544825111444,56.97484207199626,48.04508427752456,46.036834757275045
80.90155723597674,50.00084191724847,71.52121316145958,55.414483577659794,58.31343042970481
79.11689503723724,52.63931195165822,54.570114761340676,49.037990550177234,47.315326425145344
81.59553715678794,42.26695175082537,51.739459725686245,58.78368397158887,44.692199375577445
77.11113322985979,55.8646309410034,64.21970362906747,52.251297458025476,53.88696555451109
82.05939914328391,45.313550652571,62.43862444901224,56.34901140723317,51.37550749469637
75.5631885802156,49.45198241784906,51.1117620498597,36.56835806164504,41.329125484873124
84.64215743183759,51.73534688235584,62.9552126346324,62.949514420259725,53.26460663150192
82.35397362182103,48.93961456130503,65.25155633201447,48.46574028351627,55.9770895031459
78.26503647189001,52.2191819636163,55.41162864339367,49.10513149761569,45.08522165614376
79.85412728304446,51.39105954611317,56.30674976923385,50.16899309515423,49.06871620834774
79.30722916845401,50.81025442690857,61.56100025358232,45.69407046568496,48.15100440080262
81.49600217627409,50.410232972500374,55.53434065897771,53.00396337515082,43.42131487729054
71.90342233463831,59.50732935674199,58.78313915653567,31.782785283863653,48.35583163839785
77.45600407883042,52.2644937898519,53.67398446234187,38.50326464909161,44.67883264776936
80.71799171182872,50.87827601009058,58.44143670924834,53.229773720420916,51.47555680525353
80.84593992351387,44.875236894604924,63.503566948843805,50.310820469115676,46.536478424148164
72.94824540466044,54.42523367613708,63.28239847324259,34.4855676670235,52.555472209654695
80.96659454101196,41.4375742014109,63.5325383194543,60.134357907654824,51.946964765388415
81.90356345760085,46.87847920894848,53.38428590452296,55.04290540514096,48.25605737273207
78.41982495115442,51.55040651751801,56.09734909333804,48.03534412776673,47.83842172863745
81.76872142457006,42.208498320302326,72.3379022944574,52.93479614960686,60.41417851623945
80.6665989792494,48.76622211556661,59.353239215730625,49.48188358681715,46.77963898318072
80.90813924208517,49.63799994070719,63.404914370480505,55.71477679051566,51.87357369792984
77.43275305804687,50.76053511905999,67.78204567317931,43.53131502595372,50.97616224002747
79.80042308451873,50.88491371960807,64.83325255678811,52.41441638383637,52.59631915932955
79.80250891410144,52.79359596040331,57.51286359037515,49.45448719524559,48.939131839186715
79.52559761124247,49.847692323084416,66.01827724556432,48.2546263799876,51.36415161164284
83.7160633121762,52.798975981106864,61.526751584448206,53.868737520021,51.51450965956868
86.52606687668603,49.939876723042296,59.07583112915458,63.51749162879459,56.0924845742946
80.92866465567083,43.11841268206893,60.70716425290505,51.26678523931393,50.098343835070516
72.58425949339124,53.96609110459724,46.03689946386793,34.837584502064935,38.04907082661053
82.64359193918827,48.58895029059622,68.51112201674853,53.313120528044884,52.41873642722195
76.52117154135831,55.89992562658595,55.01919219587314,44.74250958685897,48.52634461003058
73.1432869410715,47.31891213852159,54.26016182509576,37.449211992750634,46.91075843300006
77.90342356826741,55.65861397590202,68.8606266441459,49.44919250485901,53.37532050682865
81.61236277800828,48.49672414081045,57.14755607653309,57.34654462292056,49.63730585841803
76.84875546298746,54.82416132088881,48.623837571328906,39.86472597645004,46.75644295356401
78.96739747735477,52.59609327655029,61.51791337658237,45.06091190827535,53.798455395754615
78.72308999541085,49.7908192262605,51.88067441718093,44.185558487701634,41.9299891731186
76.91954743128305,47.50010583789522,61.86530955621129,42.28421191857963,50.230455858943465
78.95057854978457,47.88368888130705,63.70692749089802,47.677337712784016,51.2461892702997
79.43138244071477,48.032149728761496,64.42074544356265,53.35487539687468,50.17638753531484
78.97631639742929,50.599745852664775,61.84926089139495,52.90515513190131,46.786869996907605
83.5263628074191,45.161939579574806,69.00606524821785,58.70445921500159,57.05855140883093
83.44513546709787,49.635708771122424,64.53001752449768,52.66648267311069,53.67227399449919
83.11675041978484,38.02239820593723,64.36282808033374,55.76606469004164,52.69829342241248
81.69401832262965,52.11080201201431,54.75811053342952,58.25101521838624,49.75762392679948
78.9952557057188,49.51138269235864,65.85724734862562,49.47420128770368,50.411797233277795
80.49812751723714,42.269583814726374,66.76162444253363,51.08097288704155,53.373636465438196
86.99823306406438,51.04761177445145,67.64702229363873,60.241601493796246,59.31348381535668
78.48475224868886,49.43747780934003,68.96957442901865,46.64419973696795,53.886396150155804
81.27637561588415,52.51311472334458,57.59522738889701,49.122369925928595,48.006971635470684
80.33891404321204,47.09749215166519,55.71677080205162,48.1946207833686,47.76046463269886
79.39832234043931,52.77715448569332,64.3191773531547,47.55478262502063,53.167029226635535
75.65990489595251,53.91540689158838,64.9129815419646,38.480905246528295,48.886595096602015
82.45328468092511,48.73132516585778,65.03559311209618,57.501575248443785,50.289405689401626
82.37582200019511,51.24517855519981,56.243594589169646,59.246142006488256,51.04626974465438
78.12682839922488,49.90171854373613,60.216354271510994,40.43950455216959,52.772546129862064
81.68308405325644,48.83699389642353,52.897868663808495,54.261648306629965,47.09953152459228
81.03650126393103,53.385509099042004,63.274706124730116,49.0124113190344,49.74697000117778
82.68873682334491,49.56661791728834,56.338451820058786,58.789607074030876,48.663925529169006
82.06557311430365,47.726026512977676,53.944458052443146,54.60438325120199,46.9444024809419
81.86114553834469,46.471551747891496,66.4462006593267,51.58052494507174,57.32793185585516
80.37124952664325,50.058620722879354,56.69549168077754,49.02831104721981,47.776925409569664
80.22944218374859,50.14212645432885,63.90095839077339,47.10920504180725,47.252105419484074
79.17534420537035,44.772134043949016,52.781930280752604,45.120377135938256,45.5777179239944
78.66173704702568,54.985072967828586,49.31009361265585,46.838511380435,46.34282650396774
81.38034761424353,49.02039979031784,61.52078343589325,50.84854009747816,53.512859085436936
78.91381233237792,51.87553978154309,56.44951055968644,44.51028399400654,45.84531574609012
75.57585134878548,59.24678679710803,64.09503145475084,42.638915582852064,53.84259253434527
78.7725884839067,53.48936831600463,61.17475168999747,50.57636930393716,50.920351433109694
81.26983959257436,41.02474064613232,61.86996506184778,57.33890010993095,51.41690943217194
77.31913513387697,43.95411411808928,58.65776237379579,41.90884711856479,46.32242764005275
77.06698758281148,52.944028222456126,59.41139775754919,46.20657155800022,54.66080027232807
76.85823523540354,43.27727890773968,46.0198211547902,46.36579333022394,39.59093348698745
81.53130029680337,37.53149257938228,56.164824806878634,57.84273560815028,47.68492244955719
78.05936743725087,47.74899396505358,55.6544625157934,48.93867903351242,44.733698821604236
81.44386064059147,52.88360910723549,60.02262486676074,45.83324401569795,51.38699845030901
81.0655958838797,51.30282094390547,66.34185935774269,46.950131831480505,52.82993205143878
78.0953624039228,50.635616477715104,54.0106192052484,53.16486850790505,43.95553035079468
81.76686622167543,41.168942784835245,60.19320864979986,49.54878464494695,50.46279308689603
87.47984482757025,52.65713207024036,61.944163358183815,67.24217187241253,55.26187353062821
83.66151952194058,44.8034944952643,58.89206311875236,63.366694756920516,51.58740373032111
77.34327918964459,53.53637775390405,65.72690526939348,46.22334691898826,48.95625691303361
76.00037616466182,43.49593344080014,50.396078920760566,40.94664822787089,42.58258508497498
80.5602975836381,46.95524467171431,55.93646658974205,47.48072856313714,49.47908230721776
79.63798818652725,47.83105332803416,62.58249230343488,46.28398732838076,52.14552620801323
74.14614969109344,54.815194144443346,51.31038368420338,37.55566119547605,43.65289270586859
81.27673897002255,52.91647567740149,54.613180004568434,50.43836151070854,47.403194300426065
79.32917458061172,45.104577348112215,53.17543039540431,49.62768894340439,43.621594661001616
80.59708368249095,48.08322051553312,65.73848575777745,41.448890625229524,57.071708122255835
81.33599092383012,49.870543365736914,60.6015466791703,49.86848633721774,52.55042934423039
82.29106892204541,51.273890139577716,61.83495776925621,53.45931497087119,52.06276775032718
78.88779871617902,48.125108961420466,58.91170643365354,53.60979112027252,50.05444384175939
79.55873862226899,50.67702788900439,62.51838677261162,51.60431418311062,51.4606715474466
77.55336630788665,51.6531546262748,54.973552127808865,48.59598847647481,45.75873580202165
77.91763958560975,52.13907931286581,60.58423413898491,41.93473727096425,46.09750076627664
83.5861012549643,49.186528033571385,65.96942508794953,59.273136507066646,56.37483169421659
81.68040756670763,46.549098605627734,64.88062296484982,52.90771877570726,51.59658311975156
83.91100574321914,47.62202798447735,58.346685986844506,60.60520865805352,54.11010636952054
81.82439064779392,49.30305846306097,59.05388807704832,47.69991026800193,47.37307433165279
78.56904469729832,52.80310754272715,61.3603246465166,52.6282483579742,50.2140351460954
87.32190805731844,41.267568572334234,77.65026287587959,66.53320238282802,58.762558804986206
85.0457734578344,46.87773421374494,58.43567352198077,64.72457386832664,48.52352231055357
83.67286534388943,54.43383798852598,54.40842151233008,60.720792343671405,47.166014009055026
81.94898441283216,48.92753094620319,61.290993936057966,41.77942772664111,53.2355109098275
76.92252760522118,50.54305778012918,52.169832434504656,44.95398088671545,44.505073787415185
84.18930205496135,51.286482402211625,63.09604219837791,62.32898805514941,53.7137588430937
84.58620572192703,46.71773830949816,60.85919017075271,61.625150579694406,51.17174126057004
80.61398917686424,48.760394149760224,56.75621550383962,54.049961767163765,48.440978792911665
77.15660900835867,51.421786100444066,53.54185482562111,45.34611652571347,45.86902545931956
80.17825545097,56.9313649928413,62.141025005629416,51.208754866914866,53.874283478138175
78.84869367359425,51.37716997685681,54.36963194171248,48.59707500940333,42.78667717148166
81.9470378467123,48.595011527062596,67.11543611515509,53.08763864296471,56.00470529577563
78.87291375693948,52.97985809779878,56.757961929669925,46.339316920704405,46.502831583926486
83.29577174680614,41.578340313660036,73.39453069770526,60.766046186323045,55.350114726096606
79.90525871215421,54.75568172653709,61.013739124377715,52.242183300667165,50.8432378825042
76.77085109742237,50.0167660592726,49.006893473268775,47.64744962729391,41.496844916247895
79.89536349464043,42.36398293618937,50.35516809783664,44.37447984516023,45.50617824985815
80.5185962450816,51.845439848539726,64.6256824790703,49.739022004592854,49.760705314174835
79.14882627100118,52.907051210486884,56.350968702208654,47.65244579347975,45.446521215764335
80.0983087028477,49.187481737381454,53.93038278208893,48.89035130508668,47.0181349087836
82.07985813712973,51.97382487148195,65.78766779434761,51.45419309916256,50.547000031402376
74.93498860099221,57.2687644754685,57.72892911936304,33.51513266949261,45.90578082576918
76.75819751922157,53.635459869698956,54.044368499328456,38.627052725445665,48.27651075705195
80.04694960392297,47.97994694943742,64.15843523108553,46.62811662285749,54.584566344405964
78.48861089380704,60.08210366809367,63.83227434421131,48.176949210397254,52.218250078354984
84.93497801340598,45.51162464189468,55.63189540023874,54.00365805943122,52.0185423429831
80.55514885155033,51.27772290954146,67.05058247045397,56.18011151452269,58.10862336993233
77.17530911335967,48.51013126320571,62.01437995783948,51.17280327672652,48.8194302082065
83.31771057919397,54.29267356059891,51.79607305116807,58.237258227752726,52.81343593119447
80.03215655341646,49.117540459604754,73.52701572207224,56.01271139898555,57.94200242456782
81.42692797124924,53.10511538401458,63.77840485825787,54.59188151671859,53.132192621204545
80.6717553324974,52.57287133420536,62.874990606180916,48.76981101201235,49.12395087689406
74.13075992017146,52.205314319881914,61.759583565864716,42.93661589202985,44.67827047182135
84.75339272822865,44.98310995053211,59.09183257418917,55.783021526521836,49.33900265334202
83.0819096211163,47.81425214114336,64.33701907197295,53.26537940899213,46.855774536846134
81.79139867444675,43.951379224112756,58.88206937835939,58.476335943054394,49.97164922564675
85.29270313128862,46.39193447877018,76.68456703948863,62.795819576598326,59.513603247941646
82.98384739152824,47.987526176745014,62.014028942064954,59.16051481245117,50.35507391109181
84.1009483484093,51.84524956919999,72.56135180855061,58.375683120590594,59.63461063832105
80.76377100630813,46.035414530568865,63.029450705139595,46.26773766205295,48.67210935517937
73.71822337127705,54.808809245068275,63.91239376594024,34.39443607788746,50.54893562420131
80.00035101994713,51.9484832535535,65.44741495638127,52.30061013429354,50.44597652589938
78.0259907717992,51.32883656889056,53.68742039414276,48.25171331840909,45.397167879296084
81.40483803133813,47.455012051342855,58.45145817434833,51.82046188528965,52.881021320360965
84.47363840114551,52.58739968089141,69.25974997851401,57.28609032852385,60.81740588932918
77.9857420826347,51.688589948752224,55.765157175275554,46.2024715459722,47.33962512511255
84.44606673131702,46.2671109642867,58.8101213348285,58.44724129491937,52.442204416022356
77.6830016652263,51.63950440026023,62.33292912233204,47.872304499556904,53.06930964696127
82.07323483093222,47.85467024103142,62.00296562812627,52.69188244655309,53.00829175809163
82.43718061369353,45.096513449662126,63.05629265858892,54.24550364181704,48.23778352932333
79.34541258441315,50.32239249351618,63.104521718501914,45.47935171790994,53.132866330202845
77.70702314078999,57.059434059929075,56.98700115010346,39.13013186424276,50.04613384441108
83.14362175833713,45.07503895172017,57.74034323049905,54.218374670155825,44.915675335367624
80.04098822170964,47.04612648632877,48.38627113133515,50.81673692757948,49.127349929468856
73.25472946708285,57.75390889394503,56.518939847872794,29.974433776570976,45.64812149638225
80.6424477891826,48.86839519580564,64.68540553929485,54.78860226225388,53.07048689509389
78.81851421490535,48.880555637225534,63.46692681948575,47.54358951747856,49.643169771026926
79.30128961483385,53.45542596835497,70.89171996802963,50.39357125580596,53.92054075293427
79.60974499035228,52.01730337217919,60.50862011302348,49.003055311751936,49.108125811676544
82.07150449209335,45.19470719863369,59.40735764214529,56.66805148519456,52.81038516745774
77.70406416477302,53.67950491362467,51.892733060614376,42.65759001662449,47.79346188216816
82.32768309803501,50.4975459946839,53.5188507284901,56.42843424603018,41.111577288654836
78.91041832380752,57.56926149891813,60.13801984289565,49.77260123804635,50.385353211114335
77.75503144719234,54.863208563121674,63.10330704520274,45.093595228120165,50.76215023149907
85.31782587284944,47.48171693970389,56.41838039389297,60.9745614430129,49.64874677220131
78.4742300551551,51.24853312545628,53.70025540934733,51.06011081520373,42.60379330160233
78.25771929060926,47.69504839977866,65.08444210666741,43.17574921532597,48.0210023673114
81.43549450546757,51.483119409447426,64.40951658110583,50.76978021329839,53.27034426741177
75.80532062003576,48.17136300026848,56.259457385988284,41.264117703111026,49.19263904849829
78.0598446764799,48.683329807713214,52.90767475175101,47.12117775073074,47.65978377733882
83.6426015651345,43.61397346826416,69.28258485848124,54.98430834053567,55.952715830053016
80.59147484608945,54.538162266564804,60.98501965460463,55.400832884913235,48.422106912374645
81.42032392935342,51.416851556729675,63.13930734518645,55.312593941980076,55.648962284005286
83.6017615950416,40.23288720908599,54.86128040529094,60.07654246824207,47.79702427793309
83.64213235553949,47.998297300098166,60.61626896313089,63.35015142031991,52.63200926861501
80.86264969411592,54.1631269335256,61.0205527100534,49.95168541581671,50.789586880295545
78.32233462504196,49.50418295437069,56.77964356417912,47.597488580344276,50.2441793877362
79.65256557655154,54.59309981223517,59.25807146264714,47.822268527456636,50.264546075299485
76.836401019855,50.15964868232451,47.11433573783551,38.06175919665464,42.26384075155124
75.44994585263011,51.477121192409435,65.5112444760861,45.29452939136916,49.879584625733344
79.28296562871695,55.82613488119043,55.737949152738935,50.11541670682351,44.50330226077106
79.58839602075751,56.92422980325124,56.643519405236525,47.12977334855531,45.612594777036236
78.07181735462825,50.412697594383935,61.582775976879525,44.20294153022379,50.05767156723513
75.65882865622775,50.58661004959644,48.15576670327165,40.357632112176,39.726506166079986
80.27703840178582,51.43712430992254,62.74208308965352,59.11007947184204,52.174559850970155
84.53386800694527,45.46082040642765,62.93616875029007,58.754555641539675,50.59837606743886
84.85826743771601,47.130512923102636,66.98425248879586,58.85076365867529,51.088727162265634
82.60973010343847,48.354631480128354,62.780506918441084,55.023886330853664,48.23562240637819
84.73945448412141,47.72135098799569,61.6739387540562,57.78335141295789,56.59032667827253
80.6299524974584,48.06419933283092,58.27059732272842,50.59207834899665,42.29725132038326
76.18402736166723,56.63190458738953,67.54859730816057,43.86285821854189,54.795401986965885
77.88553689006801,55.20365125680056,61.19562878650122,48.32121456878041,49.36703443844251
82.51615943463987,49.77954927964524,59.42833398629824,58.06133517473606,47.598426876963835
76.6024543502213,54.80871423160734,57.39283531401002,45.99108060753513,44.808426673560454
76.09923727990682,50.061036143768284,53.09823440224265,39.14135736943788,44.741945515744284
79.45918907385291,54.30095766779115,58.834724938322964,46.7388439999284,48.71289806614116
81.30306546587398,53.11587049174497,55.0914616477542,51.95268070351113,50.490441291737895
77.95817646865983,52.4488022637657,50.44273492188037,46.778356563309586,45.574279439989596
82.99334863047554,42.921026381145886,55.95467299456188,54.75179326449752,43.690952995772534
79.32172031339023,45.263115445021654,62.3392586590852,45.41394300718585,51.225705551704095
79.74670391629917,46.50992483317759,53.8450075231636,45.43450191659626,49.00047812501001
81.68979946310013,52.189882664152066,61.315560662989455,54.66724779808293,48.477769514680496
79.1921986687648,47.14164303795996,60.81004002022319,51.86172559505054,49.07732468152869
80.12321958061892,47.919664557593265,63.012053967550706,52.37677041145694,47.80500467119891
79.05484322513747,52.55599709533956,59.50089952984239,49.13494602492152,47.09943466070527
80.67730258190568,51.054250813265035,59.42245731415595,48.46461168371388,53.405598044987
81.91867475477233,45.59662351055172,63.84618393369214,54.98654506237669,53.92890903364972
80.25958577755215,45.62190439458863,63.445199208892916,51.07153687440515,49.13663925214593
78.56555291681481,53.18533054487631,57.31237017445121,45.93334406343818,50.34039976774807
79.0815126088114,53.56283223492085,65.6831167655798,48.95466106216013,54.26340092443125
77.94496754105037,50.27893726808425,63.89549355982854,46.45891269575256,52.51692713163212
75.055154745272,53.788172734632575,53.14874541867015,37.37311988827671,44.700603453756706
80.99412863246755,53.40013756324178,58.21459622141964,52.52066178079599,48.33675113144116
80.83143815943195,48.97449510029793,61.769873299736346,45.89839033395069,48.08420674018109
73.91252745168558,53.01566473705691,59.628927685792,38.2170874466329,46.62105323944756
76.43583573537946,52.80831319819468,49.41008326845942,47.57001098803838,41.64164312581135
79.66092845775704,55.282030377210454,56.78413724698831,49.92046215562766,46.31565620784857
78.29779013430675,51.671743462241764,62.79684508515994,45.33504649522083,50.75929183797203
80.74161706673958,50.866353133522566,62.44855184062373,58.45291527349882,54.0611012486807
79.40265531240087,52.72610516137651,59.73849091683393,53.22450723024974,51.174421197081635
78.93859511284286,46.690972378141346,60.78014547882456,47.364373786240186,49.396418169680146
78.90677325163531,45.827812541030845,62.82354490657258,46.930510268595974,53.056819494445904
76.65140844568289,49.48385108248079,53.565588763041795,45.167016993879315,44.50851932194448
79.08027655921366,56.18875629163492,63.01365377782194,47.85670742157074,51.61909781611313
82.30019361244702,46.652129671074675,68.10230193063286,56.35103345007488,56.71394174784025
77.55305768327875,46.873620505596335,56.05477303103452,44.08105092748224,49.29395590258555
80.74086654234291,49.632006779136695,62.47600510441422,48.34671202876224,49.25924866159022
77.41574414894654,53.907492297673095,54.63723075258543,48.9282799276533,44.347889927733334
80.84793195912388,48.324868393870155,65.52176861049692,48.898894924520356,56.44161773355197
83.61757838394387,48.74696200092294,64.35355843228292,53.434587689571494,52.03424768677447
79.19075309683852,50.67219824304868,58.75508350744845,52.657249669917654,49.0530486860446
80.07972046269118,47.93800254523374,61.88409219460148,50.765840980863615,51.89179080544918
78.45078860786019,46.56079973946967,66.2354563368694,47.52077515741723,50.47485625960649
78.25364822486371,56.01190283805484,68.48114270549645,45.8544748842481,56.30879765883493
73.24266493333575,51.81604079077987,55.38484955705949,34.94760169640258,47.14739525611792
79.49149358055348,49.62757398415366,60.54668466381561,50.554746343540565,48.797215957290845
77.03080215558091,47.35941855428867,54.9093823798462,43.02155805326609,43.81671503515282
78.52483452162444,45.35092885519515,62.15924718828633,47.73287317536266,53.52965927039488
80.42914862474267,49.91906510083088,66.60941998014013,49.438732325989555,55.93788766968351
80.82384854213223,45.68104036158559,63.64201916762524,50.805923061177886,52.77166247633815
80.0051489207396,51.61761094222472,55.08648727951646,47.14376819284114,44.58983848287514
79.05503779055019,50.743734762025014,62.35824231269704,46.94988313201969,51.61774923293725
78.57218163405999,54.9289595174809,57.655415013026705,53.753060420035155,50.0190284917462
79.12126285018336,46.417075699159604,55.976758158194265,50.68344939890267,46.07786497752927
80.16814062663195,51.80305520197075,57.441400600360375,47.31536687018835,51.375844964116
80.49666300705283,55.66886709497935,63.89392451453448,55.440502772419755,48.41295281297368
83.27762572555143,43.990111117836086,58.62596139700133,55.54874008111774,50.6899030917267
81.5286389026038,58.57469683921331,57.685919682837195,57.32061746674793,48.14662050923033
81.87644875818319,54.23283731895659,64.20416687594168,56.577319917709254,54.69421290254621
78.87955771806969,49.85618498139878,57.88191106404174,46.199863975217994,44.982963559418785
78.77040735793271,51.0516166073552,59.98011746333913,47.64926260842638,49.85116637659939
80.70780081997829,48.376067955344894,64.31735664471681,52.36950197044947,54.852987411286364
80.5437079855167,45.298050784321184,61.897339842851125,45.65249328961488,45.99516725977029
77.89377880376904,58.22398833344892,59.7907220423582,46.08304539984959,50.24234238584537
85.83526700918183,50.826356026811986,63.97701754581968,61.026892988217064,57.50024655650481
81.24530786657623,49.39118139492449,65.3711614236881,48.85077526924857,56.982178685519436
82.5922752903551,48.5376650295567,72.83291288709106,56.132538449639,60.49942236205848
81.12952147468347,43.7679814796589,57.91005863760306,52.27037006573258,47.13182191562342
78.71819539011774,51.41029925201667,56.42246865306263,47.7889195002587,45.709453061662586
78.7350390285319,51.967885801660444,63.59496251242216,49.58882924484628,53.333484631362076
81.07648622220782,50.15810742299771,63.35706705747455,49.963125024716234,50.36624439959247
86.27385056236875,42.614447657155104,64.72487849379712,67.13304576950631,52.38095618497843
81.87897998810367,50.204932900299205,56.81569189856057,53.50440620022052,47.50009383268014
73.75824752636655,58.570551476639636,56.375357962704896,37.49162070967294,48.44184757074943
81.984364303557,45.098596968954226,48.03632385048808,54.574876627461286,42.55166644789554
79.94676403262297,48.394344456599896,63.81773110619172,56.319541550673435,54.66421574670829
80.43452440754373,43.32653357612039,57.601786417090764,51.53675841798138,49.202845093326594
79.44228330816162,51.50780169127025,57.453135888872346,50.80919669005448,48.1271891045844
78.16760782617993,52.395652645278204,60.39296952743401,48.94168076766843,48.17044139862316
77.30965925536917,51.448306592788036,62.12233093937924,42.52955443415816,48.757673596306375
79.74502259715763,56.406985265013134,61.827898527292,45.414535785038304,50.21150954711039
80.03336263474435,51.87365776759405,58.34154995662985,47.51924427146591,48.180084171428746
81.05015614634013,47.16502692909975,57.66941194714576,54.63784729511969,51.51510452115339
79.98051103768012,48.235231055309505,63.51522084648296,44.976909444835556,55.09340118866094
80.98578558554509,44.72993135762056,70.8268395953307,50.65214904996599,53.949656149394514
78.76679552470053,51.28410954289706,55.38081805014841,44.52959681013108,47.81423475004474
77.75180084970883,53.192616226803075,57.190443761027666,42.752233135511304,47.734577061988325
80.89578665108662,45.608410397566246,59.78603473698246,47.44280210288179,48.88449977813573
77.496349035037,55.13876210983538,55.459578011066924,48.28679527257293,45.54306535159165
78.88985537623698,45.2513135648632,61.890318547799396,49.56031465411533,47.8973497151241
83.56581301406942,46.229277855917964,61.291166388596395,50.592833580624855,48.198328513498566
79.63964200250854,48.46417797991887,49.92916310050393,52.9284648866233,48.203947497920296
80.53138254333291,47.455150195535595,62.01840682752014,50.65278548148832,45.52083303870239
75.9558731691187,45.82964151628872,59.56080169669275,41.38070839856962,47.861297638609045
79.33852286302893,41.54910328331989,52.48882429282925,49.2803303486973,41.67562595008082
83.00083537597477,47.16722651123973,63.74416764381943,58.76074232650019,55.17052832592036
84.32161132409965,44.186421614296776,69.78966653182451,55.884759257347206,59.104896710926745
82.96550120314909,47.359603061382,67.98697482839434,54.40877609374975,57.50948091347183
80.37533319811968,54.33893669503457,62.72775246098061,51.488873818340856,47.444832071605326
77.2078111406563,56.498069486116556,57.317107326157846,46.3204909473944,47.61335336152309
77.95530775865043,53.92134364214263,69.3488730234162,45.22121861248917,56.481308390299716
82.052539299504,43.71606305436155,66.37154191222223,50.01404234191088,56.063184836788196
80.35314951711784,52.086769824001586,56.3237211150429,47.64534099482428,43.09036454266514
78.52118624847778,53.09352633231081,58.420114594924804,47.81115450496621,48.108834632529835
79.95942113650698,45.12342573786646,62.75193581533237,50.05487531494957,51.78477185820533
78.09742549574841,51.181073986186675,67.05796326312044,45.32133458815516,55.10960535925578
80.28920011358953,57.213107516294,55.40547387258914,47.38124386528952,48.107613641723695
74.49189170916442,48.51975504762464,59.85664494276857,39.978275051533146,45.8727319937082
75.73639790788178,51.13825318701864,60.521815255155744,43.70074157449034,50.35839665146248
78.19434375354444,49.368439057711356,57.152647729196225,42.97693499260528,46.450181016085885
77.40134490533512,50.62089176662561,56.35591744430753,45.112689356770105,47.7360646295112
81.77978771554204,54.50176854180109,66.83978610363845,50.44976744993079,53.3532405651564
81.05137029150923,45.13796468291068,63.72103294617971,54.219918393214805,55.104446757141076
79.0709777379531,52.19648310401449,56.55417235020704,49.0423667472704,52.16177935246667
81.63232708665898,44.1128096328771,63.77452916371561,52.997996526054834,51.88164000572812
77.41396471827669,50.45710909621111,62.266236238897726,39.86160276114295,46.707047618429115
75.49691810635333,51.1520368809415,55.125016875787324,32.19236369659964,46.48664777566156
80.96136625673856,43.978789838225744,60.22139971437009,54.20176631206566,48.127185039353236
80.25181851938807,50.591811923474786,62.090811336161536,48.879740209930134,57.965899594692324
81.84199649330026,53.42435795966104,70.32556592315477,57.086020928357286,54.28871471640094
86.54144008790847,48.984268602008875,59.54234521202466,60.917182396691395,52.45274752709601
79.50328264081118,45.53513044033161,55.08347031445082,51.63793508827483,44.60161121127463
81.90747220838936,46.84805342470149,56.34064104491328,56.29265075443837,49.51815739725604
82.5280929040006,38.08070438731078,57.43275244687575,53.671093830106706,50.80093091001997
82.92057623053037,52.60260070612502,64.71138441539762,56.50074467074556,54.609718587395534
76.79946080971189,52.62463974986059,61.418562005133374,39.38384887686982,46.73611242162383
82.7247032525439,49.552489387307,65.11279157894441,59.20265552193235,53.66625679984248
77.3409340949888,53.16707889772902,51.937270215188384,46.77967520626092,44.51677765043131
80.18936411583628,46.76816836093283,59.27281405275113,50.423605776420985,54.660729581839085
80.6046603704358,46.07514921532329,48.18208464540536,51.09049639161398,41.6223780339225
78.09407864072165,57.96454158467612,57.85811001646231,43.32195386226818,50.29302960026718
78.93552412064312,49.33174872241734,63.436555233202576,46.365693794559995,46.67480898177906
81.17025289718165,53.21110437948154,61.71545290553548,52.08495422984336,50.934439348180184
79.58988492064425,53.1157314276178,62.11175030780954,49.816953076025364,51.13885331461444
78.79966363508728,47.80399686081272,51.63535905004119,42.83289221263447,40.72364687806203
81.45931287271043,48.97613348825211,67.8420863342587,47.68455761672993,54.69386449425611
79.17636248363341,46.4321077170519,48.02889908491214,47.84125110197725,43.96516195618785
82.61321710638194,50.2278392511992,63.80717209955851,58.223405800945415,51.333961137729545
77.13267681945695,46.899619864114584,65.44630785384905,42.89027390412883,54.69946817575449
80.567558798761,46.42170224205981,54.11806987669109,49.298075157318635,46.7382028821053
85.1555046495329,45.4957734632632,60.95504188533341,63.90515674042751,50.463813111823505
86.30785916247234,42.56240148833306,61.27379665014613,58.723016733520865,49.02095485241977
76.42049388399133,56.747250597131796,62.702703512493855,44.24435835607454,51.16823403669851
83.02861854839757,51.027872108920384,61.35599835546876,52.15909747256779,52.628692886894555
74.36992921422757,47.34569392487811,61.82433267350121,33.61776416005437,46.27737046810326
80.16597511948657,53.83014746414044,54.88420984635232,49.95076082527495,46.5130487818143
78.4436851715144,53.73185770985684,59.674137289858194,49.443399632395135,50.32278528249335
79.59203906681978,49.76504115507046,59.87908820424189,42.93009666936192,50.415688729966654
85.72143195549309,49.879210313998705,64.22860036036916,59.98880560523511,54.43588965800528
75.3132212505577,51.87608976531128,57.90014665224595,40.919987155103016,48.349299558203796
76.81128572718553,54.627829123888745,57.756229448777425,46.87766043339943,48.401726479363845
81.98715337100013,51.17221211576119,67.1304239844527,53.49912347320754,55.49727137067787
83.66510640585693,52.83665261240453,62.801501352112176,48.898938867965086,48.02637900672877
75.7444928039881,56.33469982690837,61.7433909978469,39.39262152546132,52.46436737743788
83.95967081674968,41.336463107117446,61.35068053793714,61.89192686556449,53.136675159764074
79.85140563512327,48.09368191882577,58.483982804263476,51.31337730524185,42.98781732590233
82.01866217637715,47.33069955481806,60.0851361910285,53.47410497176462,52.10913897206462
72.17244576787054,57.95979759835484,53.02724873085778,36.93597667921237,44.75350908854771
79.34186577242984,53.19290892586284,62.727565092947444,50.52493947396603,52.239004266069315
84.64667586345593,47.771735994941594,64.84700932406757,56.282733430439876,55.895751895076586
80.22898974126275,48.20739140361646,54.79774375320193,53.72279002327883,45.86081839297125
80.0432068044322,54.58269610917264,61.37371249770237,53.15935245053866,53.25707291361486
77.48199305709446,47.72630630654045,61.93664672103711,47.97536260274419,48.609315934437674
79.84978753349988,47.045735955728446,58.76056733240148,48.55514702890351,48.39034481627232
81.25239086053553,47.06931895012397,55.333055881675506,53.47324992270364,46.3722447477988
81.96996510608116,50.86845799508613,68.16592411228801,55.99663160916446,52.40020411752849
82.40130799108505,50.85748903744602,63.30701371847636,52.7881500358076,54.45686095398239
77.58385259628109,50.82418411913538,51.6696787951827,44.0172103248882,43.910685544315136
80.02304566085834,51.706611783244206,54.30992991436272,51.214221307384,44.265791084611855
82.69935249718614,49.11693713580578,68.69080912685723,50.37155786474313,60.80282537976058
81.76742971983577,54.013721013127785,69.15334279289016,57.81686236948087,59.717402231057974
79.12299479048848,55.95243611142289,58.63184580343146,55.81177660391402,50.658844462814514
79.81493421796618,54.654523209081276,61.35014997927222,48.91559073005907,55.63050438078203
85.77587975860608,44.97354710076862,59.25769716084115,61.294674323553146,53.96237270288119
79.90010369312803,46.891530969447224,63.466740431526475,55.32447252316179,48.47556250447488
80.40051905907072,56.02457518732205,64.0134310883123,50.40140015522191,48.98679219118637
87.18042673243455,49.2285187714795,72.03153094676347,64.89758522663149,60.45854536985797
81.40115138431605,46.2709513455044,60.236691971107604,53.50909859025941,47.19095274859533
83.79455010894614,50.2531969686093,56.31361426987111,56.19773338570542,50.472360443848736
80.9757875127023,48.517058888667655,61.616840508293244,55.76119488734551,54.779847622456614
78.8109905038448,54.02252730668957,54.62397815476464,42.244431191258435,46.23992555377537
76.85394827180605,55.278964828389434,59.79680476845455,40.666879918822566,47.32358564280534
78.77589245705668,52.511645738315735,57.402793491286275,44.71984364313659,43.760787794364454
86.47504818534092,42.477363330504254,59.05900599107626,64.03953757916923,48.378014363499
81.62793103341761,45.69377935408784,60.71417237805806,56.21078103350211,48.958988452126945
80.17626559173999,50.27977847846682,56.86516788368234,51.65979898759001,46.29707693058635
81.54755471305833,50.809536045190484,59.296011245097894,53.47440017610755,55.36704826732154
79.31981456072764,57.768301409293414,56.39807108617936,44.6647971579625,48.671134033507954
80.76599001209918,55.19005788040349,59.56651069678455,48.08988768387138,50.53714960330246
83.13408156705721,46.396426585165706,66.25256686518766,55.03010673199019,55.52689485025462
79.74973045307148,46.248853329659916,65.44326331449294,52.621626341837704,48.7945573385751
80.2387778929308,43.930956751731614,58.289079131236655,56.05912927475772,45.99598162563793
82.70786676762235,46.06860486072277,61.39292755001619,54.63369737290327,52.75722980438543
86.67816927344894,48.187472411689356,63.51487408651863,64.30870967923498,54.59783401930237
82.35674952734587,52.80881021487355,65.1399261807745,56.86734954489916,52.42898871267533
79.9999791693399,51.899649774404295,65.7177558180077,48.55431146818206,54.488477574913816
76.39278550420252,52.11345485028555,56.45923000912897,43.68637722136044,44.20242040555333
78.42147412999921,50.260024822958705,52.56022535454984,50.28563879997993,42.498064027217865
79.47604671749987,49.551338870617926,55.60028464441378,48.7475403803872,46.03079867991961
78.2021575851304,51.31896292861171,66.95546344033781,49.43473506979494,52.613071424257356
78.12602090953708,47.964415060915705,55.09631802478512,43.74979020820493,45.54634409518919
76.2878532429241,56.27576857005882,64.81629930584825,47.32600312078108,55.19358034022834
82.26866844958222,49.49373734550556,70.33174027368783,57.33869277339004,61.3672811571993
