A,C,B,E,D
1.4583945004852163,4.598353659332753,2.4895786175703036,10.61030166643216,1.1884437170566489
-0.7690008116574796,1.1109452700519697,0.4965285277911047,3.9556941075790806,0.8364893973202665
0.8809554577814325,6.137666022349212,5.080205629573742,13.599990567343077,1.5809023485045692
-0.42947041337640823,2.5142856081445433,1.5386575646687528,6.790088324846886,0.4416846013697723
2.2909427191436973,4.497662480578734,2.9335210913214493,10.89368815329831,0.2906520674566213
-0.2015368645179707,3.2676170789851113,2.2554702798334874,9.234630647110343,1.3689149825815585
1.3952072785596745,2.4576640866143142,2.93462855347227,6.541268844498663,1.257202978942752
-0.1809302905515371,0.5039346572243528,3.70914225236033,5.469302783544664,1.0130870837754267
3.3245292831544973,6.366144653301764,2.0723987594242232,12.907852119511714,0.10346946838535676
-0.0457147682437804,1.5776743984320682,-1.3769845812038395,8.038412761415545,2.295061538609081
-0.29793325028699424,3.145148317692528,5.501004735088502,9.290770182841328,1.2086734035282993
-0.8227398949635565,2.971292341213801,1.3670695198628422,8.080948897816949,1.1014862199437012
1.0034355967504185,3.5079792268226866,1.400792685225926,11.717173203021858,1.8335315248219908
2.633159601413071,4.3539738624775355,3.4207959156180925,7.904531992082987,-0.005370280339826561
2.1554787246024327,5.880994780988018,4.55382300115302,13.138725659123791,1.2077360582662908
1.2530322633428577,5.066514166497759,2.362050062343248,10.631318476989545,0.33878794452991434
2.5236647225132094,4.567385918396289,0.34104161770405605,12.20731508951536,0.9166284485059469
1.7486761621492897,3.1413672379271125,2.3971765131631426,11.346124879530377,1.9812216123095723
0.7583843463518101,3.524217555126724,2.5486020632161175,7.291553156039722,0.40753776411719744
2.3359970247714936,5.30990073640774,2.5171239197579838,13.43969721768693,1.6371068972633562
-0.4535741231445549,1.5538629066640386,1.598046676909349,3.1059562713156383,0.0067335096114420345
-0.5665181219635835,3.310373089303267,3.863781287512789,11.613127312984238,1.6707933590968749
-1.0460225106111718,1.9043405666686812,2.7885464531197037,5.221546858736771,1.1848035188386736
1.6567637948924736,6.566337949579315,2.7682042355936414,15.12130790758728,2.033821663684011
1.6147237059807502,0.9031863140297356,0.4895577530110744,7.767347749354547,3.0964488398724663
1.1958709577272242,3.753964249800371,2.422622737010993,7.902759979833015,0.34289269952046886
1.2845562490312055,4.098891442890955,1.4742068163038553,12.518050567870748,1.0269125873543345
3.3052862419033615,4.319483698771635,1.4513727698570826,11.048787425191222,1.5977945363432504
4.420331667093825,6.747264871853551,0.9529501239917517,15.80971365171881,1.1097131831700564
0.43051759050982774,3.176717059550438,3.121547175429123,8.83689776363179,-0.13826069405609487
2.4768758090536616,2.4279087833657433,1.9914587762276148,12.521839288464491,2.572477690668241
2.5759327396557987,5.790104665333213,2.710921659495957,13.31792808173833,0.9978406226863461
1.3713573091579334,4.745921482978787,2.0819743115997746,11.558462237628815,2.460709400181403
1.169177499961992,1.5884753095260389,2.6189224072773953,6.8691738764620505,1.967676220289138
-1.5173951041536844,1.194137187848249,3.2261149737184014,3.491024947323433,0.6741305109509851
1.3079947030518764,4.492281856092552,2.882094049726178,11.691615166094154,2.099427340451939
0.7232470365044034,6.486220716131109,2.254402624248557,14.243561013454064,1.3706850727622073
2.3068215308588917,5.029462539652584,2.5038212033719796,12.073817441038639,1.2418950870446728
3.0542627885040785,4.106461225846982,1.9575861641312384,11.323025638610911,1.366645788556176
1.1143293703165034,2.45805037951403,0.7526236076027655,6.610413204705777,1.3925534987709016
0.11258501342660776,2.3039380254032213,1.6483693215558288,6.203785518451919,0.09963507114523429
0.365927231785353,5.712687715271136,2.2676906588426577,12.499533989027718,1.098084971525046
1.2509557559641302,3.0807749837842255,2.9141957948484074,8.579735547942146,1.3320303695377773
1.3632999906062633,5.896996155192429,2.3023849398637593,13.241794789754472,1.3808464332518515
2.769519664297836,7.067018335215943,5.050176712936042,15.312452394838019,1.9544861809116374
0.5258423237361481,3.1367728022017345,2.7103269946964414,10.406535246594684,1.1527282673805368
1.1375399475777992,4.991351057915491,4.562444680633981,9.948991346300593,0.8051636465592154
1.9669621307356289,5.711887482876502,2.899108613554671,14.768908651754014,2.409198803813919
2.600884019291676,5.22732824384012,2.9398297045778974,13.679655785213075,1.0937978399890926
1.1183858400094029,1.5641799324650805,1.3702055214801154,4.42464015383422,0.2853951556903669
3.0975584875358004,7.706766845073983,2.998908943016436,16.94284333541454,1.5649198668485207
3.0076292482779596,5.761461522258337,2.1863711654096507,12.48459444520878,1.187576743867547
1.9262340209600337,5.43127402397306,-0.1360054183141175,10.455974654652668,0.8590517991546942
-0.00592733651640831,2.868636443162277,4.214497895563042,8.287118328494442,1.2470111947087414
2.8884560137308832,2.6689976372544386,-0.5189843148667963,9.71310257769547,0.9136810628724281
0.458429251292261,1.2553534248189215,1.574810539795457,9.413627643678623,2.3618333007923287
2.2577811149565603,6.167443346474392,3.720783998069612,13.104903864767808,1.4118477510597471
1.151603419635196,2.9783403220631754,0.8774975616756857,11.062321068616205,2.1995665786986045
-0.6713652170211684,-0.15070171734660898,2.8768264639991616,1.4852997675167794,0.12193851775686682
1.8738792015923247,1.5098876557190948,0.5606476785151449,9.340166308201672,2.7673197236838627
0.45238088349146954,2.242638714040006,-0.42203328260373985,8.139395104837893,1.371688375120041
2.247041433555963,6.27417292180293,2.5863983302617135,13.412443916375237,0.37442431714201463
0.4921173153386005,3.136049764063083,1.6666350123894458,8.776825134405952,1.2693288942047591
3.024555484937949,3.573463213304267,3.1830806117965365,8.468326731765886,1.5818447675985694
0.296150157996496,6.872070381694696,5.231499479442142,12.661334168793244,0.5650641353411524
0.36212111606798625,9.07222528902122,5.180102669850993,16.916868729480576,1.2662026518937926
2.6315213477665838,6.055378269266045,4.7634104864408044,13.6546221042297,1.4338991224078763
0.37815437322272394,4.602652256121393,4.137536075438185,13.097990004447233,2.390091429623604
2.8760820597902743,7.290889256438347,2.905581734882275,14.158863097308972,1.2665023115754457
1.8522961025741511,3.7541328288559344,3.876121191756563,8.35219730706505,0.16923084360857144
4.111232038511302,6.31249862844722,1.240143705913145,16.200614054653613,1.4337868849992406
1.438741183194387,4.2431106970030665,1.1826128043891149,12.317525454714119,2.16072045403639
2.217638845740289,6.545646800494356,3.227865283496701,15.307127199051168,2.445184292894578
3.859052164494542,9.819217273121762,5.3133455358959525,20.11062809451056,1.1221158703918515
-0.02397122676299035,3.599727145839031,4.3278505588009875,9.546394879407663,1.7444711764300094
0.1974410416390724,0.21038530510104003,2.551269227847063,1.3985867371347436,0.15266895135863967
2.0393001771671178,6.031566131029608,2.7258194290773976,13.348407720974901,0.8084206614013189
2.945808032318409,5.719508180830625,2.042699106668758,14.873897894408671,2.509478874700408
3.254370643675943,6.760283681388038,1.8531090415332891,14.519702001460573,1.6247278271990049
0.26263461945127076,3.4245399848486993,2.67675696116003,9.589480409441817,1.6868720200072345
1.5383336027721024,6.9060562642641425,5.988461214725842,14.35584312872359,0.5504219373838836
0.539482702121246,1.424803661218042,2.464285748755963,6.868775103498545,1.261800553079974
-0.10309878444426279,3.337899346486071,3.241383203541631,10.132266205166601,1.381872631243427
1.3926300814806731,-0.03771750933920437,1.1129789272904504,3.5569400921254855,0.980135828534411
3.853170223736122,2.7837894181012133,1.2334433199842971,8.293638316074679,2.2227642507451835
2.1088439851404694,5.4604862549659225,3.370645081816439,11.31847720681743,1.0670285384197271
2.1864878851502683,2.9500031945592564,2.1427873702268925,9.798081953382107,2.184408409757939
2.424535813292062,1.8695157618012765,2.286512838404139,4.644050243805987,0.3113531038760896
-0.35865535030732976,5.0425064457093765,3.17827563339904,9.40654111487698,0.6267798744346843
5.560666947845449,9.58247738537057,2.6427873801195996,17.67835370413284,0.8917113881617151
-0.7021109462396762,2.091763825394474,3.9924360815389828,5.473173465366362,1.2379181375054116
2.470166460553988,4.622938967879019,1.8338275658634142,10.211620081442357,1.3737900336099405
3.9352642087636243,4.185051991122582,1.803219819588671,12.183126556547528,2.435060072037698
2.0656317041616723,5.144542156442695,3.405884869640749,11.152295322062542,0.6454013230345252
1.431128722731577,4.587709284185032,2.7069158457448435,11.918899132295804,0.507089127523445
2.826178125469024,4.325443580353034,1.8702240284128782,12.244095183621258,2.2005164273288815
0.14047686729225672,2.123186627560471,0.7654490390864288,9.554347976637176,2.2723350469638195
-0.42542890968101,3.031721404406201,3.7403142983381112,7.9046193696136084,1.1563590372340684
2.747002788870061,7.145240285223872,2.314553656106908,14.089971164941968,0.37776864924966225
2.0291291580279807,5.067102941713431,2.748838313786657,7.957476078121019,0.5977935620855451
0.3791777535774081,6.6353710032876645,2.1700248977334278,14.618673729513253,1.7697968724315514
3.3518895700156275,7.757276657211898,3.6539434059518396,18.677282013411503,1.5764731065030577
1.6356965105751413,-0.23977249836180592,0.20890622275481663,2.4807139728133234,0.6446169632970958
1.8894722776885593,3.589325827036303,2.7705763159029573,8.733060779812675,0.8035256108854836
3.547780478655863,4.235663488167634,2.243682584454377,11.386441254674951,1.2672160411017122
1.4130791152755144,5.740575323176533,1.1754464314898685,14.185928232000606,2.0456637983104997
0.605080259395283,1.317769312222028,1.3293775161339318,4.36902499042401,-0.03429569718053571
-0.9050412313240743,4.645513061606126,4.661940912893366,9.845878238244953,1.151607368225626
-1.4447029585962934,3.8722728846058243,1.1690117231764612,8.85879344229479,0.1664730736770188
0.8409978355535156,4.951522816272298,2.3780609114869886,9.023283351582034,0.4306057081177378
2.5739583672500554,3.3208429727373323,1.6785801646374487,8.145383235470623,0.5301814432303512
1.2661079938484157,6.121728783040258,3.810361857211335,11.163672762722186,1.210318059756538
-0.4168843892545897,4.712564691198731,1.7940753481865217,11.454102643003552,1.0851779861875561
0.39611078700718627,3.011069517292121,0.719614189648474,8.284518468150736,0.7459143004405553
0.3063725288037731,3.487846502321799,2.66409695959718,10.601198555689301,1.2278714311403987
0.26404673907923426,1.4490272196463068,2.644790423564335,4.023311248606083,0.5248261814922718
0.8359510427294525,1.9007596936268607,2.298870562399824,4.800005003666646,0.5685749239356448
-0.08898507278328505,4.79470697777702,3.4830142202107766,10.592584348893197,0.813727419943221
1.714439672626474,7.44395491423926,3.968592054452371,15.896308627901156,1.6718033854658683
-0.3417694641167972,1.76976818230039,3.051325796521783,6.769246883125676,1.1285253608340624
2.7155417982356136,3.9913541700270714,2.1625924197109465,9.063009983673586,0.10836169106773141
0.571608730616195,5.708692255117023,2.877055858253159,11.89510202085217,0.6923698114471311
2.3533813560008126,6.685025159785312,4.848927124773093,15.708230434686268,1.5825643637344213
3.3817914313573443,6.094656234149391,4.110812701049014,12.072849660042806,0.4982313427438978
1.7356889781335858,5.0157022962008,3.0343364406686706,11.995830020354745,1.4638536262843531
1.652202811587574,4.542836788075085,2.312616209240628,12.643384285605322,0.9268778884408702
2.4709126541375337,8.198312760850643,3.301802026659529,18.09667981383351,2.490150363719456
3.76967971627058,5.653830531823629,2.4338139331921886,9.465369077532268,-0.05182777725098142
2.0106515156156943,3.7773242976874126,4.459938830409952,9.46880681936868,1.0192370436118408
1.0714228671659884,2.5827642644509687,1.615605188299742,9.156520143011564,1.1434895527239968
2.307882116437395,3.329647455398101,2.1396394495153768,8.530834742172686,1.5575730454927774
0.3254188706892378,3.9709773417582683,3.213273569398338,9.715876751335852,0.9640792004552193
2.2088990829849413,3.6079284570210137,2.4443158995692857,14.539967699553365,3.1165713811583755
3.275364426678427,4.13488870147609,1.7974727264111825,7.00546567555392,-0.10087124143226811
0.6279374916544356,2.3642941385236367,1.5631903304307686,8.475529874078434,1.7867246480790415
-0.3955722588570987,2.8241590793229734,3.764665306547313,11.026508150516365,2.097355517755687
1.3408013653254645,10.466443078588377,3.2345488662093387,21.034565439808738,2.0476395636873383
-2.689154496057018,0.6621920623327885,1.1736948970510979,5.722687526241268,1.0611332848922534
2.4991200202797987,5.820513153217869,3.488105532316406,15.773017677678649,2.3237117709069315
1.4431266693097324,3.045245187406768,3.7274158737822205,10.51868634748708,1.3605350529381952
2.357153739813033,5.774288815530017,1.7674996053283951,11.455408656047764,1.5999957864498573
-0.708406901974433,3.5198438906672647,3.0299282218123826,11.345240171222216,2.5269206387863714
0.5256538044539666,-2.0493523934784443,-0.37960869121523677,0.989391569588435,1.7146324792231675
1.4495274900104114,3.3036105296169116,3.3619280493377337,10.026106978748922,2.0294316841383684
2.1551362301078383,4.781328210191019,4.057068981280135,15.492413883315411,3.0139930443439513
1.3275097117240011,2.909799370215058,2.39115796189159,7.16504955641348,-0.2238910788074493
3.1653715394250366,7.373340473492481,4.554484256945055,14.42295058516001,0.38263585090531493
5.686187180273343,7.359304977614951,4.076699572352823,15.129452812990692,0.9979262669645207
3.1999042385236014,5.185096949999174,0.85174044664918,10.224879230747968,1.2043488203408634
0.010763966622571397,3.2625083736624583,1.611960016415113,7.3386256992196195,0.2739864615248423
2.780212671682569,5.58980721946359,3.7697692181308193,11.794142626468572,0.24616001100874707
4.414304117487642,8.104415957294744,2.553637462637918,17.08031000736534,1.2392990004965425
0.7033592680412197,2.168737845973159,0.9451912072856323,10.499387087133332,1.0190181349219936
1.4731166156069606,2.3467216443956147,2.2875386549655996,8.977709480234441,2.782479849665198
1.4802218197263517,5.195257143999576,2.0191850966896823,13.63646014538,1.2453588578979873
1.163160488639842,2.5748800448331925,0.5684455818858218,10.870083736096978,1.9292397759221118
3.251518140311422,6.0435155233309485,1.2988116441290987,14.16670976215401,0.4831702777205057
2.3815114196449585,4.144719277541408,2.8566451888077338,8.044512542267274,-0.04118614361177553
0.29694676354640026,0.6648037653069856,1.4101556535932611,3.2545671089730925,0.3380496278327141
0.6392341648808201,2.8958685069740087,2.4756709761547175,7.566859788741657,0.015724106319472853
0.6345542366162688,4.6060236734662965,3.062823847052032,9.25886024583954,0.5832261298030907
3.4505014023768767,4.922935721074632,1.1221811906252506,13.841075524199205,1.6572752389250986
2.070207361892794,4.469593939894968,3.2959151112810563,10.579801825143893,1.304607238185061
1.8697883329343612,2.573470505944971,2.7384965480497923,9.90791764502822,2.3372486137391126
4.623443654732599,5.356415125351419,0.8698232018034473,11.25175068130119,0.9541732231286445
-1.055197061964035,1.9235839604037712,4.419652130655152,7.152662243406826,2.1562426148795684
2.792264256493101,6.697711125151745,2.3135492003798848,11.592927722701884,0.9223861578858349
-0.42223571650599045,0.048804987336524164,2.0602667588107098,2.419157781562318,1.6020674964346562
1.4747566250226032,2.0437435487238864,2.9248329705657885,9.790076853289218,1.7739469580704723
-0.45708524348617274,2.6972559323694987,2.39630323434572,9.405637700665457,2.0596011252758184
1.3439313073593508,5.634681491324669,1.8618988917080581,14.502395505195516,2.060263976817621
0.8451918585093027,2.105475433521792,0.9105122959538161,6.392495055322398,0.6055306964868751
2.2743764411843976,4.776935661246966,3.6288928519105683,10.931383568335674,0.9920091025674102
-0.18749214916421453,2.399299324621614,3.484518925253947,6.947000952689911,0.6598321034803464
0.6053567375759925,6.264683995613834,4.2692147107995275,15.505742586252305,2.5461748746846906
-1.033143654788954,2.4383830345694144,2.5607152023790847,8.597589257986739,1.5041518399875757
0.05057449510992362,2.337240527696609,2.078662580693857,10.050079282248854,2.0109817874314238
1.8087378957624936,4.206240235659665,3.077565975128093,9.153215137451957,1.0325802565933362
1.8014464997968718,6.923115634261516,1.9580308737204375,14.017588393924946,1.3775683250626245
1.7398200341091796,6.412467262864661,2.631658677685853,11.590218689049989,0.6066575957531881
2.6664756456995136,6.287941681535111,3.10478795202295,12.954146087706265,1.4112311882026898
-0.2865759213677701,2.4201536580580645,2.237324795234341,7.339115081627878,1.7651104504781407
1.6363402511748082,4.286460892450349,2.5304755331310944,12.738332021071093,1.5756022932189104
2.209510819215011,6.047653622578066,2.859131220912678,13.460537526789016,0.4330295480245605
1.292894601499203,3.7544961585049195,4.158175746440586,8.513085109773805,0.5426685162026602
1.0138582488426395,4.213578802154247,2.736089531402123,10.168287184215602,1.777371369542243
1.6872510803583753,5.151229220923621,2.8113847927566877,12.74704769954865,2.2703871111124827
1.454938175943557,3.009329999358508,2.7153667630630482,8.181415478894243,1.2563886178464179
0.8394988605648621,2.0780144878723497,0.17763014961093804,6.132367317787076,0.3198271542045743
1.9493963098544116,7.01182356544538,2.061685189761303,11.502511664092395,0.4710419892594915
-0.7788828348779657,1.9800893034580405,2.733909932242357,5.87953578881574,0.6164920049678142
0.7954357682296084,2.911772825037399,1.5082099207085253,11.227850289385362,0.8931945001205475
0.422268181561688,4.227592076343972,4.416173335437627,9.592689542018755,0.7369583724518364
2.050317648217474,4.470380298909507,2.7794845797653474,13.064513054651039,2.077503632094748
0.7535887279329816,4.749531318083334,3.6250259509610867,11.792873976546568,1.3266311168190086
3.826680874881999,5.448679993399184,3.521379039805514,12.402506938949372,1.0871373480564033
1.6677447150313014,3.5933135488347747,2.3119644612640293,9.958783071769277,1.0175323351142154
2.4275359490054953,6.141042031475861,2.8229405427861316,14.792597953031295,1.0012453650770587
0.9737305593230936,0.25818719287128133,0.2611216711778055,3.789626924672993,0.7423190465399054
-0.14159412143080696,4.4855099947935555,1.700944427550478,10.349745293969649,0.8233426835551612
0.0056623098571007,2.711608824834188,2.1149727748114815,10.80222712743532,1.899364311963118
1.1307074456218147,3.1239963088040836,4.649110603408539,8.71769408636936,2.4706318895815693
1.9601274955393113,5.966308176575357,2.1616420521658317,13.831748716195968,1.3841537335080087
2.494420019285973,5.83885653507401,3.1427877066139143,13.502734971928437,1.5573980765496005
2.786029425006605,7.118322592931344,3.7515971036988383,18.35439885218097,2.884727459755203
2.727888055851527,3.9093666302914443,1.9098354335740402,10.135331780058142,2.1613136015738004
2.0393962043638716,2.033429333588403,-1.5063878313996861,3.4231819287667515,0.4400522167306915
1.7391774717917632,5.139837006540436,3.202657781791978,11.621956908827157,1.3579866700242074
-0.004070146566970134,2.5380220859487617,1.3476250355864734,6.620874879725681,0.766321903444886
2.493153400914344,7.145417794723436,3.0212978293296375,15.352575112171369,1.002884982197939
0.6387034036108212,5.057867396339251,2.5329456023401544,9.916696171719305,0.9298345490036586
2.3523629382700664,5.233128380722309,4.250193637708524,11.343530841096863,1.4830378821752699
3.842673783798692,5.792467183436157,0.8325664415606422,11.37548916538752,0.9517004999256681
3.1116373844458374,4.932852013984773,3.1728999178985187,10.514716279931068,1.0655607145229373
0.9978306982987063,7.175851619082753,2.3174320577273653,13.582145944561853,0.919080138016115
3.2859517898403174,7.967576987644622,4.158407406611453,17.477635632625628,1.422878024157476
3.0558205416196076,6.475294612458211,2.5801544266573613,8.597466982706948,1.003923700623767
1.2348447633959783,3.7738862981311923,2.6853109917676927,8.80770556072716,0.9666482360610164
0.757672251768509,4.348135198265379,3.8125245071056426,10.811960524484826,1.2091918944363937
3.712875852887964,6.789818564931899,3.4174126421996234,15.136499691849076,0.6802824966882415
0.6554193762081485,1.395305775354786,2.1281368676885473,8.542938588437568,2.2147550694707183
2.041440344539434,5.58442928786504,3.3587603648922846,13.769262458177733,1.8988741974673697
0.4763367192940384,3.688676410344881,2.6604475451678318,11.812261314498429,1.6613412946740822
1.724947730626304,6.898649625326781,3.605578513171304,15.09450770235976,0.5439749702669305
0.31840157760862176,5.40627669969911,3.5904766858581993,11.580922263697603,0.7688568472944697
0.03391516534928485,4.58397430679547,1.656760488687563,10.488894119217786,1.6009171355406744
1.000109690272354,-0.27065018068822866,1.1136229533009023,3.9419362838104295,0.4721720779326919
1.7482653938102772,3.815837460956816,2.2252177052938613,11.641656263704133,1.195902781723932
1.7528648240319873,4.256918152957813,0.8850451497370937,8.003236348282517,0.5265466995870061
4.64640182725258,8.441756200415014,1.6367695299637977,15.300134872850052,0.08492084625852869
0.8208755269826221,3.6702816015502613,0.2726014254148805,10.610589522047782,0.7336210751721157
-1.2448460942774577,3.564651260530721,2.6345927110385685,9.706975429904075,0.5526575476022816
1.6150404843734034,8.114717976399639,3.5886333273468773,19.06826506790868,1.7144767746541447
1.30526822571982,3.959126909712359,2.252820166277827,11.920644768030682,2.3361737494225636
0.054882725766179696,1.035535864326755,2.5390528930026948,5.6684263082412425,0.7032381296433405
3.038139436164494,7.702320419848656,2.486130781033979,12.911817509017274,-0.7367374432671581
2.778723469959613,6.0329076417394845,2.867414885203045,14.784165168898703,0.7928822492338998
3.67379936174469,4.984175591677513,0.34794785208652756,9.611288164276623,0.3936674236169807
4.36858199177201,5.325262760609148,2.9778348383981568,12.288010386470393,1.5317434503839795
2.5352155885439602,6.460667913574273,1.9970295696816418,19.017619903800075,2.6209399476893362
1.8203986834402148,2.8478086679232635,3.722258427437006,8.634373577189042,1.2873614873022856
0.12451214624218765,5.161112473345451,2.488635003101416,10.070920514169114,0.6431721501264139
2.8677909108539463,5.58383631386525,1.3652228630330592,9.424388790962908,0.6060763311713078
1.3165775350595608,6.335325965109384,4.892420183792714,13.727754202658364,0.9459085406047136
3.4960823044810585,5.642382165027509,2.6209662270657375,12.825718158882152,1.3078443492480374
0.4906536449386103,1.9190810519948396,2.5563415967698897,10.226180886469997,3.5521266959194033
2.816723272769126,8.304772521409683,4.448018608460445,16.45189779780327,0.7072026976905181
2.1305038270710277,1.9880200816030995,0.784140023626301,6.518952310135516,1.1800102268229626
5.27905160386781,8.599500577422706,4.170605325545793,17.559154522758224,1.1983698040523674
0.16606963097122063,3.852381622098122,1.6987053780153136,10.26728249145993,2.113396770557352
3.075828120233938,4.991511867272136,1.8514525496834857,15.370462589081274,1.6728270722806182
-0.47874360995470244,0.5063459399252406,1.5192911574015016,3.5446945754127666,0.5775992779783287
1.5627214203939062,2.31718254017274,2.5527276541810493,10.8057409793296,0.7276055584215144
1.1601238610652422,3.4248774255551213,1.8806303879264232,11.341649748023073,1.185988200000133
1.9686645025576492,4.456696835749853,2.7968714972689934,12.264938825722197,1.4840098922369687
1.5870075467122653,4.567272399917501,1.43675538658407,9.829446478731708,-0.5096162770862631
2.897057055052408,0.1738345702389874,-0.32498727536922445,4.7820831263866035,1.6813114608343773
4.235944341051526,3.7558870761811116,0.7237427183824692,12.096815743680256,0.8195664732813271
1.391510528172116,6.234341937450259,3.0310141951293077,13.911357239509444,1.3328329565291273
1.5906108573889213,3.5476669442444635,0.480235481898065,12.878560363517657,1.5320562058328429
1.6112633537680987,3.5309376477315038,2.097194453009556,8.966592166754165,1.397990367260029
3.5559241217169735,7.492085582598851,4.5397632823770575,15.275632281907448,0.6188024748869579
-0.6498952194789105,3.310686436918193,3.408620400539113,8.248981876837407,1.1204095245138168
1.8560364346646918,2.326977007781772,0.02544172643769249,9.074279312885285,0.905089707453564
1.848109207540435,3.9372012245933177,1.8615901707577864,10.90800055351975,1.1108420869824063
1.814671139300813,1.6780997426975635,2.1273401400950958,4.076794806539803,0.3783307453390735
0.785977517745874,5.429662144939524,5.453904028793994,13.061593129466603,1.6660158778759893
-0.27853418232028604,3.839300476749843,1.6818083968314244,9.923183600556685,2.038034312003318
1.9409223099284145,2.023972860145099,0.7515899755352258,7.169854400248841,0.8176188944441833
1.7221277071121208,2.833128042751678,0.8345569115938352,9.568488095443776,1.8628444982024601
1.5251968031633887,4.5407597511142415,2.4517888127350522,10.949656972865615,1.2434045741934188
3.0335624433413577,4.510404854681677,1.3408834597012613,13.032762323535703,1.4852463392645514
-0.49960846347165133,2.3028213822644212,1.9179269782323192,10.904448606558542,1.8390617774881302
4.298538890607514,9.490007751733494,3.9930976899455537,18.983241506062633,0.2836626391574075
-1.8553325402493503,0.4565627845149369,2.8327593188742997,2.1744659508009185,0.24874272152749954
0.9365951586488853,1.2324432959186602,2.642105270772182,5.542220714318626,0.8723462308899466
2.4196527587560372,5.050986260439369,2.3907062895761557,12.456173354762718,2.5599150331411815
2.5110444493998516,4.66011543885083,3.0984115749381687,11.172093577848292,1.4643672053800754
3.5630788141900225,5.165721828864987,3.435570712253466,14.108486211173386,1.2236239777494238
0.8520666048224664,5.433817947008802,5.301376438407672,14.955633881170202,2.151671573491859
0.3427575613533118,0.31841555972578583,0.1820465990130593,3.8742389102445345,1.2440912441021779
1.0638226189092796,2.9824018405212813,2.827467935074308,10.222065920432948,1.197081249919516
2.4041085115661267,3.1325803601489612,1.4778060631710497,10.855470568412057,0.9718346884380411
3.3312766308544086,2.4029979332018248,1.002725289327485,8.59087847711337,1.0014518321546473
1.6752958169961658,2.3741108672932674,2.7878486721126596,8.002150231579126,0.9763476303236528
-0.31509674345247474,4.005949268251756,2.489429678244042,9.3813949262843,0.41223828252530836
0.0229281352466828,3.3991866477561405,2.691072312285697,8.267236164626611,0.8199139581204408
-0.9994189189217204,-1.3674388244780413,2.035428428804007,2.462122797780804,0.8959781560649529
0.11519251271766762,2.33200511278186,1.1532230758486104,10.899803490748532,2.0787035791290367
1.0012682115042573,2.399846250081378,2.7229357640013854,6.342392253272312,-0.21873951601782848
0.6397793465104695,1.7769837902874335,1.8696908249694126,6.481461470157381,1.7511239088385195
1.9948089678953886,6.333888670767654,4.961626514237404,14.085743552981894,1.427130744098527
-0.27109670166161637,0.8600041107193728,0.6709741514381977,5.749274644976143,0.26306227720848985
1.5809567239818536,7.634241203608232,3.429260635865684,18.368070458395774,2.082107057991836
1.5575551741569,3.6387669448039826,2.434866438765469,8.15850242398168,0.9215010405273059
0.48412782492709305,3.479200318956947,3.8085383823567316,10.34661393086321,1.600459422707213
2.4994547098910553,3.8137660848276465,2.654034749883827,11.418867305340129,1.4231907548688663
2.671747397809547,5.66972937888489,4.753465024792478,11.6722689650049,0.14766552813869915
1.9631274728258923,4.355130352916746,3.360687744052908,14.48538086754822,1.5921690707846894
1.8167117480564436,5.548677898868284,0.7823514204224198,12.246994160876742,1.1095152180091183
2.0624994118996396,6.216853445906128,1.717354973406573,15.702397047203306,1.5519073062418796
5.401694775254267,7.947937336948295,2.832701112885366,16.38686942366323,0.6500935142858237
1.5658146634394172,5.96958116956457,2.6772017001573345,14.6732688186975,1.6769480039083888
-1.1905952153898234,1.8235814072155798,1.955096005613132,9.566627181728844,2.19466756032449
2.1585629690972183,5.076209258883948,4.512829989562187,10.955678586558736,1.0784993514207142
1.617157086805662,1.7483906265291873,0.09272210063028785,7.363345669933054,2.374719951430637
1.4920663406776333,3.662429820196694,3.2466570513227757,6.369256964299119,-0.6491575000043315
2.826290218831673,5.402605120997334,3.111083027405851,15.283738687311402,2.7220477765923876
1.1082072237320704,1.8377722790269004,0.4046652904728312,4.927255354665585,0.30515343515994564
1.4555371379247795,2.519085009300632,3.722107079169806,10.19708969662529,0.8373142257890922
0.7659921947097609,5.233441904520507,2.122978027075782,14.350504770798853,0.9924591482008065
1.7439519144237603,8.73368417135325,4.891352129609452,16.65601972410432,-0.07543437831479616
4.371587719496796,3.1234270182423987,1.9432683111916376,10.906757957805123,1.491935114312574
0.5847545601351888,3.84929185690025,1.7608310204701416,11.045412621098114,2.1036612349762467
-1.2835753902603093,-0.22188958439444306,1.6522923579717617,4.113514037167811,0.5021608570042958
2.723043086488259,5.739298450805009,1.8100971547593367,15.782119438272751,1.565558198656538
0.10967410871059724,2.08624684640615,2.031104097207647,10.975245341935786,1.9039972648960362
-1.8031589351196646,0.7957918576681866,-0.10811620536896172,6.942539523272353,1.7034407780696084
-1.640020413400031,1.216630877484024,1.3495760503777177,4.9390802771456235,0.7346309160514628
1.0748441393308692,5.962063512112952,2.098315358610015,11.730780858104918,1.73814457382589
2.012149660726924,6.454041045155777,2.7888103870774925,14.329992262766295,1.910738640411631
1.3711624083072915,5.192251644681532,1.3681118646502055,8.015474223531202,-0.4459035864098495
0.35321689908853204,1.290309995204983,1.3681652212189053,7.233802009040595,1.6897978334794772
0.0144151175412639,1.4848532110863273,3.8743525966425256,8.073513959004849,0.8122759474802501
3.2811296353922828,6.732698277119,3.845327529962588,13.192928898001199,0.7643935056154133
2.6961470915418975,3.8835064152717806,2.541586295722057,8.781016222334756,0.21330702469536034
1.5302917253564576,5.676376402674228,4.440431019019324,12.528467672194328,-0.15196253012309513
-0.03332128736914264,4.1935826300658405,1.984378295289385,12.679392767462387,2.5799875649245085
2.8875853434519847,6.266115832883251,2.1217746113939704,10.988984902072904,0.02470957882896796
2.576424186644285,6.072991175379202,2.0558179201626583,14.104940743057238,1.7662851244290612
2.260798739498829,5.084753494371107,4.481814084300243,9.940719589949879,0.7029224339508272
3.824659525847315,4.30908729023939,4.449569102480616,12.98023783785665,2.016248202469521
2.88981167713602,2.8284844222926853,2.9347190966499213,9.45183296376303,1.2413702614512847
1.3371722404982156,3.9853364503950983,1.578839776237818,11.35255058397271,1.4799830924281507
2.3203124286687964,3.0754942161857466,0.890483562264913,6.217544749351118,0.30122379471548966
0.7638154317190583,3.876407240325031,2.83219349716107,11.768907327447538,2.076726149001499
0.19506479645114716,4.039304887016986,4.270515121133334,8.611122925961109,1.2577792413249491
-0.42743968829431656,6.284845866094751,3.6607708964580405,15.237791390916788,2.395824163093474
-0.4509951460110919,6.109151426175063,4.873083491776082,13.533534893744365,2.1293989571491467
1.3625998665106933,1.7035139760169442,0.6855337125622543,5.685166717055947,0.8694780431364512
1.5090043801071538,1.7633563720670913,1.3246405411448439,3.8171270596313014,0.5684825574387425
0.6035485451827188,5.485111004864157,1.9272938934271213,11.90343135075106,1.170584409860939
3.030334780545915,6.826361211798138,3.554015410588274,14.5791423005524,1.4614674573591682
0.7155510891540829,5.147069814361923,2.7311568025227566,14.201411014772807,2.2615310653246095
2.984946010943165,4.529793664297471,2.3598179010145026,8.578803539484838,0.779177920865251
0.9557805349643237,3.6650931119262147,1.6961671443228532,8.451929550821706,-0.12996533820775702
0.742825804258677,2.4099158687578677,0.49411000200478083,7.011151880140331,0.6995166976470323
2.505175843845961,2.8499436633092583,3.4577582817924206,6.1249537412146235,0.6308450154618673
2.5100864514167887,4.375575562568098,2.94191962192002,12.303749917418802,1.2729746130396928
1.0914648469633765,4.776914527513881,0.9350207489662596,12.543692155681983,1.677045030905354
1.4277223095356208,5.38613508466968,4.0093915696934355,14.214041583288545,2.1808078407102816
3.671798477329814,6.197250613493383,4.387843909961803,14.388720343292349,2.3439408955175245
0.09866462677305199,5.98171325394923,3.79403949081796,15.655686526403706,0.5650471668602768
1.743045719866242,3.848360857721747,2.3383923719514486,11.625413846549652,0.8753826247011045
4.474845569007697,3.139184998757496,2.4291457612262324,9.171031975648955,0.357127666774235
2.0134229580052714,5.809772229346829,3.4443041397008334,11.987597030301059,0.8480687492114846
0.9413384121160295,1.6014325843027977,3.314419375614918,6.020384484852842,1.430017749928262
1.0764083764482162,2.1381777290054673,2.692677745147097,10.400381120102182,1.6592773851827043
2.9444087358831146,6.356442955555826,3.9056794667812085,10.041891338743431,0.194968834424726
-0.4173812422548937,0.7800939517107486,2.0741574148800455,6.581204876493008,1.5370516258489488
3.627305979837064,6.315046554191457,2.673245256168493,11.898983518405082,0.014286974762017568
0.029938776849183224,2.105789559336461,2.6376787024118955,9.091004878662895,1.714781968105096
1.9508616330016892,9.70721286518286,3.577241669674401,18.704728411789578,0.824832609439363
1.7725812962924778,6.957668120155192,1.9254911677675874,12.716713624693682,1.0074516442664925
3.400412298564068,6.461894853202554,3.079269035244024,16.54476211392419,1.600648010338465
0.9032281772488304,4.521944724414291,5.013877589150605,11.604317897310324,0.7521736543964954
2.3894520391692584,5.065820642773754,3.1672387635447654,12.028392738415057,1.8541755807181797
2.670739597493461,8.831640040698696,5.00859761137284,17.532032270973197,1.5488625876142863
2.3783939053184193,5.433673403020052,3.3425858438725413,11.734070654973904,0.8530920037409504
4.094297811456678,6.107675462354418,1.8669086598115108,12.589358498993063,1.2093831951214946
1.278446860443774,7.9016873236594165,4.777750638670939,16.050349758114873,1.014175126852358
2.4751077716079712,1.8857017076599587,1.4503745569839792,2.9975433090960912,-0.3488786593293056
1.6606705178373982,5.025516528225233,2.4352578119228703,13.058731499322372,1.2307607341963316
0.15720075101887465,-0.20341903271504913,1.752734414401298,5.716482103003981,2.274930250868198
-0.20787073441864212,0.8614620811752858,0.518150638181353,6.68113854696376,1.343028596388812
2.3359134392328027,4.212238153636979,3.1440928757768534,8.752402044651227,1.4148387388253891
-0.5055456113192829,3.227744393958061,2.420010973002107,9.99030767877892,1.1473232556563446
1.2567597456238921,1.710543555875689,2.5842270365946822,8.971044121767934,1.7937685087529007
-0.48239501756486103,2.356547233164306,2.5636148407185737,7.059274685640128,1.0469746656854904
1.9206188780162488,4.976768519826794,3.6768029738123538,10.15211009429584,1.0629364668766326
3.319798117459298,9.357217429984365,5.872848317517828,21.399083943080267,2.018395088587095
0.915020590457023,1.2115552885909608,0.49160661205711476,8.505370930667139,2.343240739814174
1.5076218805825778,4.499657304456634,2.9653162733646687,9.85765769218599,1.8732906459735181
0.640785092351006,2.9791628570692263,2.1218480446243784,9.138304041852194,1.6091914258546272
0.1711386511864561,5.117637727972679,3.1559073559471083,10.358948851993112,-0.12278076378617064
1.2581434797459163,5.659597784923858,2.0986718872214336,11.7343880904834,0.6911000877773869
1.7172841630831193,4.796729230670958,2.891676937832747,13.139978999901349,1.6878456073403
2.6010945563436305,12.072712613970477,8.006239892714174,24.547725115661382,2.75912801536498
0.3455999496243214,3.004186248250466,1.3128432805204364,11.8804753526634,2.7273160578705444
2.1319135286431097,7.110556843001759,4.823170346050048,16.296989571671574,1.3111791754239572
1.8457542141041114,6.674590713395218,3.802064004885542,15.099691291324492,1.3094600211457241
-1.5282101591613313,1.679811279580127,3.544896809248792,4.852395892337897,1.4326687695386078
0.5421525624859,4.909539127831473,2.9004998129106827,11.723270748809608,0.7337593161780142
0.3140790399917661,0.7330479268867671,1.4750811888042297,4.940568153241213,1.4295818433530694
2.0731972523191766,2.858329133811797,1.5952300243621076,9.057283112107333,1.709197950233143
3.4316984678857576,5.677855553771001,1.4681528725568807,13.599698901831738,1.2952458396879556
1.9758120881502226,4.52489601631433,3.8717189368947746,10.910354510096868,0.4673289545374374
2.5631658090725877,4.7691480709702905,1.690791392019766,10.467489311465519,0.5924125623930462
0.7572572095969223,4.040371881028093,1.5226215087219237,8.170836711665554,0.58478852735371
1.176925895198205,1.7875807250907503,1.7841150033965385,8.426932974204167,1.8014479208333312
0.9329250782195901,1.7713391693128424,0.49219775920953523,7.664288127582045,1.8472957722244634
1.7981462407107223,5.36451675557581,1.9899139829753665,10.040701137447286,0.45588079847745056
0.9162696570432844,5.001838782772608,3.6144823464438014,12.853490303817168,1.7567808871769173
0.11533925464657879,2.8743387294839846,1.1401359560140767,6.97505017330235,0.6808076859896639
2.611842744681022,5.857440665185158,3.1191216883104214,12.047033290096977,1.3772740044494358
0.6794249809565779,3.459825309770727,2.316083346295131,11.819950058362561,1.9191284965207107
2.1697930946583734,2.376243370867176,2.5160265719892334,8.207923456312107,0.9966017517542157
1.4234631532357371,6.792815378309607,2.7816016049662964,14.774506720649624,1.137592177838192
0.5276285919455613,3.730817961395339,2.569405671645992,11.791278301968129,1.6159703071298737
0.7505844548417105,4.632469817033131,1.0567109470402294,9.415206095966814,0.290219890826644
0.4043344135791773,1.62762619279327,2.932832528523069,6.579160721427932,0.8014888901443876
0.4063531415706183,1.8314934444779696,0.591166637644241,7.189900828930957,1.27225008476686
3.8685149703276855,5.745784286610364,1.809478225844784,14.531279706720216,1.544730374425822
3.7982340865093485,9.506256236145378,2.909322115515608,18.078846074633987,1.2873197963004037
2.3137591046613952,3.5543098727087603,1.7207912328981332,8.500076340562934,0.5665251401379536
1.3240515099946788,3.692637892261254,1.5739184266029138,7.607922557788917,0.9871019868096218
0.3509345440246818,5.905689278838768,3.780983237747784,11.525849831252389,1.2585334502604453
0.3511416708296049,2.500832410714552,2.328165225236747,9.406505395091623,1.2261638997845117
3.092404268604577,7.5213865219784095,4.353606795579462,14.86761509593968,1.2822891618683248
2.6661204164240613,6.028313200222413,2.261111973487322,13.856901084186354,1.2483063274513941
0.5855413395801872,3.5790823687908326,2.328716620560073,9.756146248726155,0.8494377622947309
0.5700975538455249,2.8962629297954594,1.0193362136180146,9.328423199111759,2.1356161101291793
4.528839772082282,2.841026071555366,0.7542884398686986,7.038449161644735,-0.1157304757379678
2.2612243311912628,4.511307564079911,0.8666598304366362,11.858429317566058,1.2757245594925346
0.6690161431480244,2.5775824989407754,2.0328683609380405,9.836285926011891,0.903354537451943
1.8159343714455864,5.112100525671279,1.8892546931580485,11.833775082784264,0.5371841820190655
1.3012355478751572,4.135207067851494,1.6198167975240576,12.09265523353897,0.8733139793096594
3.02796055605478,3.483871666592823,1.4524991085928989,10.631045160847984,2.0790793715202445
1.8263392721409928,3.7404437795353784,1.4782727155469644,8.313668648823151,0.8839095056878488
-0.08422997459414172,2.9038194867820173,2.685352049469605,10.15775785347035,2.4247213688060816
1.94256661968565,4.993979778433011,3.546215093939632,10.932655717653217,1.2152557409512874
1.4674610950849336,6.8071036264973,2.4358415039216395,14.527185338385173,1.5396715924450648
-0.7180408028112417,1.509181948475499,2.412793666949277,5.566411639302172,0.4220019166337772
3.6007708333117256,1.0707521305361647,0.6750079997327991,6.462176894344193,1.6604299232477078
2.9904574222113447,3.226089116583389,2.1418883697399336,7.561134928304647,-0.012142326882671695
1.814212776041663,3.701313727188644,2.1605913139954955,10.396861549364154,1.024713840607397
1.8396580234769497,2.512114914444691,1.8880181574229282,7.9763972348775525,1.928601758668997
-0.9086322446438428,1.1072518700609015,2.4665492210538402,6.998941753102519,1.625762452637026
1.5700953488901026,2.7807452488754185,3.6385464422242357,6.390518473797064,0.2831473343306118
2.1502426137187514,6.134031543181596,3.4362796231468256,13.422392908278674,2.1458940648715177
-0.04820243015105796,4.290831948923979,3.8427917039557307,9.980976414112847,0.3563643887817525
2.3715989064959024,5.970768186704872,3.0178855832202514,12.534244531735151,0.5858457524623091
1.7046167672074408,5.772920989811169,0.494502756019386,14.854921123419688,1.3197536963132825
2.4233375135757784,3.4143733884514345,2.851643894412205,11.050802317115902,1.1720289516864015
2.015334103583499,3.349694614783033,1.8431551426808361,11.070473448164476,1.9876959605899225
1.2000449833950306,6.505770550228531,3.252530913416363,12.342721157386443,1.1775222014488804
1.4061497352301557,2.5311728990888125,0.3785523770433681,8.919190364556798,1.6095508538595182
1.8970041201514571,6.66624459572702,1.9881852605996,14.71101511455167,1.3177058302328042
1.755782864218458,5.497590553429478,3.5716062828871435,14.129507733542598,1.8417020257571146
2.0625538238034826,7.104260833930302,4.268823478571652,11.845719498895576,-0.25892167590123427
-0.8993173395190528,-1.6523062142357376,1.8337634962622302,-0.015020978479296954,1.7156676953816188
0.8386096211528317,0.1625506228379514,0.3095392837006261,6.413943978708263,1.0891718163914128
3.440766304282565,6.827157466274826,3.4876420131911168,14.889917277236997,1.6971157957166527
1.0074182497979807,7.697879417108108,3.6220187486421684,12.572028192600188,0.8335824187015499
0.6578382416110921,3.531555414085535,2.8172504581296627,7.877976469587889,1.4967910354623895
2.862506795729282,4.175845421020562,2.375002748547268,9.67505276493176,1.1304365322621424
0.7189948014512779,3.803694387578607,3.6747304808126575,9.797541178269608,1.782174843291178
2.8159503069693232,4.652539639119855,2.8879822243602353,9.958362363595436,1.0503398347695196
1.8238921146512281,3.360696201776072,1.5980107826149248,11.314805111293174,1.627018111992267
0.8770720068493435,3.2686178498500906,0.42685648474056004,6.042208490481692,0.14087814100106422
3.2127281710434183,5.793515502632847,3.0288485598376154,13.33667081286059,1.3895791037374228
1.5526528770435906,8.641089924281099,3.5619240965746304,15.876437458033907,1.7133379009803287
1.0445426963395452,0.6564408036471328,1.4454113429230342,2.0095673241254746,0.027731806273002757
1.3716180695635147,1.8366787189538485,0.9725840342483307,7.147600276529095,1.0743796599468314
3.7937176268882253,8.810204108127051,4.887065083339275,18.500085656873594,1.741845628564569
2.145783744963928,3.0885235969261546,2.7462409970876642,9.536719909232058,2.602791646728422
2.22279499379798,5.139424917377323,2.0393682746539215,8.511262874076966,0.24075593717547727
-0.8280425735934176,4.21897817150972,2.441602584028801,9.690089242617308,1.433609313650641
0.7649052037501691,3.135653342320852,1.1359356294558194,9.165390926571131,-0.12796134380206392
1.2565061937902893,2.3729638825525794,1.5782471869988475,7.531219286561159,1.57294725535893
0.3840782097054436,6.1224916775096005,0.985031274959598,14.357390101032594,1.481779612988408
1.9422918389473218,7.0521528116905206,2.029825923293166,14.02929243898865,1.1804618656945336
1.4021552761288545,6.380151019611375,3.3145456043929653,15.285503085895298,0.2021892433993382
3.055156724647718,1.0119067580371564,1.5386290262470048,3.789495732933176,0.46970422047821536
0.16243456241197052,1.8453097846302113,2.1648916972779326,7.209806629809538,1.5390752987449612
0.6750400360625874,3.570194563959169,2.7510629271452887,7.689570417163556,0.4908405662146311
0.7928196001143469,2.8822466437444123,1.8163301995532484,8.82528153056167,1.3775748300399207
-1.193462310222729,4.1339325316798545,4.1170812703762785,11.29327221087338,1.6401733327390584
1.426164967173173,3.827916856372176,3.483659876354568,11.569388727708791,1.7871221406019706
1.8106443979469224,4.455483745394497,0.061812290705957285,8.507859011476462,0.7611129787471609
2.1494619840073037,6.010796720119733,3.346856504906895,14.085543076722523,1.7892940815033667
-1.17690440545009,1.454168877011924,2.3125210015255178,6.717383120004635,1.260701838996426
1.3550897905833437,2.8355419083603888,0.7915844545718069,10.495094457482258,1.5412433527383738
-1.2078154650584128,0.17433625217646265,3.2717042080771996,2.7190683298805856,1.381132947150465
1.9460377526546027,7.067082676535224,3.821399415831121,16.07065427544935,1.0075217290417628
1.8543048179202184,5.179298021765514,3.585575668808146,12.862406528217557,2.0351463237332474
0.480546474067888,-0.22031211197694578,2.8853061612687148,2.897250744205773,1.1304304176817601
0.03828909484568621,-1.7385083358261841,0.45559267407216275,-0.6954415643849173,0.3432035290535642
1.8998842958960904,5.142375437371375,2.8694191826590925,12.846282189780117,1.1398282954874186
2.816136843121834,7.153323019582292,1.423605717367589,17.638086370762668,1.9411632923020505
0.7116975652638372,5.235936908070993,1.3660310307800703,13.49549852415387,1.9564058177497836
0.4597599075398846,5.063739250171718,4.78705690412373,10.992317459351622,1.2284393345037328
0.8464326839866293,0.4833872531404855,0.19142253736556958,3.678383950777682,0.2986706187554189
3.1839370075781037,2.5065856540001823,-0.23201291664365042,4.989490501770091,1.1942029259659068
-0.3608649019656198,0.5870297509217163,0.8319699659543984,7.694311013652687,2.3310613281958847
2.1688791485691876,4.379244672191509,4.24701199699649,11.510160653471084,1.5160534729727662
-0.21900607410497974,3.3737228606421,2.9212591378597574,7.976747764813669,0.41324681478905834
2.013407164006691,4.959657939519684,3.276874524842665,13.219696205707303,2.144551629079661
2.168595692746582,8.00292048503864,3.1907691813268393,15.600283775774521,0.43172885316689835
0.7275512901805841,3.1841654886486195,2.1721706444302895,7.967995208280923,0.46369495169270847
3.7635143278760133,5.669898641425841,4.09298494624965,13.426343582161145,0.8101519300131174
1.0474753836568156,6.245596380171657,1.9148866216080014,16.46693728193793,1.8591931747941963
1.778283079141377,3.576443632759064,2.6426578285043,10.210624436181014,1.5987533780766672
0.6844817820422235,6.759460949740417,3.741842617274659,15.198240638842663,2.194674368467786
2.5040822370656475,3.256394093624602,2.096871879181977,10.91024753736604,1.9732485896198693
1.2102798769291485,2.0625953035527282,2.35873934801833,6.297621594770354,1.382778609482914
1.5885931968693674,4.984158558752234,1.7901542306266385,8.415242737552775,0.6410163393218474
3.3867618824664985,5.040538992445815,3.317809660518158,11.526549568248987,1.1665515061577
1.3540145535246566,4.783381526328353,1.925285091574708,11.317677148084524,2.5217035316584036
3.70521656900633,5.6189559503240885,2.7132376161497636,11.562984510973587,0.3425284760731103
1.8729948281437443,5.716769920416903,1.3955051253650126,14.29084529615505,1.5706311919198037
1.6934203809429258,5.607595089300048,2.2778533633867455,10.84140309137892,0.05237163950826029
-2.7782717330300937,-0.6255229889287561,2.599407713322527,3.1066774854489543,1.2230734034807698
0.4921580318372949,5.123476906911183,1.7720695336018757,12.305932630503614,1.058793913254784
5.105909573988249,4.979461938850919,0.4613083926446233,12.232129508924405,0.8966524364126816
1.6279978516984543,3.4777425622878084,2.9010104188011487,10.564912797789596,0.43613397819030686
1.5450611077183722,4.406769988217076,2.6666354481168377,11.951611802398208,1.5948117999487632
2.8119847634998454,6.925865834016862,3.4397302608231213,15.40932419843156,1.1816253340931806
1.3072393954552142,0.5301270931237494,2.0965244136170935,3.65435177981127,0.9440680202771174
1.875900526787098,-0.34756292010994283,-0.4576565522199876,6.4696822989794285,1.8634967492390748
2.2208713840833223,1.2350825005111439,0.5041165762857156,7.231099051507462,2.2946829535586932
2.588490223938325,5.120101760741885,2.1902173040976827,11.025457640966849,0.8034271774767401
1.894069266883494,3.5361768726784373,2.3204133424431066,9.666248662209648,1.1056504834137384
1.6321220797358382,5.199571513210485,1.7512757866642072,11.894299644951799,1.6504594304893143
0.6010599797132876,3.5724022264475965,1.725599717504858,7.861387110911544,0.8514364229277798
2.9933447673436246,3.2447400990607944,1.0757608031715482,8.857597677078926,-0.14818271334843436
0.2066651442329508,4.043507651921912,3.7155245482597556,11.407390204265361,2.0577151742138406
2.459760180526461,0.8033795554611589,1.0849638974474132,8.075713883336926,1.7775170160330598
-0.7041521969034013,3.290896228191772,2.572721324069068,11.711852002555492,1.2317111104705114
5.081848851884326,7.881138345837652,3.315943231793013,15.466515573893611,1.3088262453270245
3.706938089334605,5.100633796777622,1.9082774697942364,11.617778129556845,1.1166599232043475
2.0132783768947746,5.440008778440236,3.5862725262347013,11.895297956253552,0.0015788101077345296
-0.7346659025507725,2.4926351332290273,3.784565718374841,7.610399206079759,0.9184960306838572
-1.4305262584100213,2.99992520634867,4.187672513318871,6.807373213898043,1.0754625016881492
-0.7508644675430132,1.8181197680214414,2.268152664400966,8.898572812014141,2.310655662205262
-1.5999343923505611,1.3280422247712065,1.9266310067329422,5.584964114448859,1.1823417679015935
0.9167776955882692,0.26579854229166466,1.2606726515074669,6.343794338147462,1.3826575227079902
0.734478649485843,6.093428777291723,5.045727490940475,13.531858753467176,1.0240491648816143
1.1233452185564667,6.122585863833536,5.228820869096021,11.9619186766889,0.49038407408859186
-0.3432874551778924,2.27219079069227,0.4747317463879597,6.915565155429503,1.2432690897431995
-0.5911564547498944,1.7103787380076363,3.6513318227159632,6.776109970464001,0.8335682959712152
0.2218473874903093,4.247790258558734,2.336554882572387,10.038715086446327,0.45293411807193906
1.9853739208126218,6.429920026364899,1.6171710685030667,13.698149911667212,1.224445783662274
0.7092081755108367,0.1646804368795347,-0.2432696505285712,3.0621350024379463,1.3595232271110596
1.4785061483771071,1.8914158555111686,1.4333682621999007,6.20396036561054,0.741844237873736
0.6872014408195282,1.9306119706051343,3.0149884170296692,6.333708331673568,0.28762107293473704
0.029851319715179958,2.2964665855902533,3.088840323254877,7.936055170098022,1.5016253180709422
-1.2132445512041814,1.1998232240260793,5.370489588394971,4.540641947542515,0.03339502205682532
1.0724356930614731,5.057119051274415,4.135762308124373,14.891530770073375,1.7705492257991862
0.26301568758877214,4.202221733282219,4.3928924930404865,9.369472836641256,0.3071139402921014
2.9235147635412693,6.79993331350096,1.789144405719889,13.31725479074262,0.680624466847423
1.1371492324694559,1.1465545763399219,0.2876237688653136,5.293974270222627,1.5972791685304315
0.8038817072158234,3.3692025715745864,3.2624922737782702,11.460784900191001,1.8598665726677266
-1.8629172571707815,2.738957364850904,2.3423315928829322,6.300562446235968,1.3277250925478925
4.314155365976296,9.096928657252048,3.1929234244439395,17.02423910843936,0.8948777858238437
3.1379738583130363,7.0653760632895635,3.7525971413510097,13.866861373897265,1.1670290334593991
-0.6704805259560853,4.081058468225117,2.27138828075328,10.543871692281542,1.0604481126647696
4.187783248863042,5.269373518888471,2.351849734140653,12.016334973824893,0.9798650648646056
1.9565989238276356,3.3454280104595098,1.8034961095011148,8.964709424057212,1.6234630789944526
0.8975144810742618,4.31163500966196,1.8963197716133693,12.514427172867817,2.1262942978022243
0.6955066746925381,4.490354942466677,3.536391233277387,8.150809329731675,0.6000805558300641
1.296728376211141,4.0969594574299055,4.311895877666606,9.235911507455537,0.5668630385566861
0.18029920163160695,4.399002179395041,2.7981196139286615,9.710038658203501,0.18124232868360224
0.6525628758882274,1.9689528109916665,0.8014362491416571,3.867162061498042,0.2865010776159099
-1.5407061184238633,-2.026609623450336,0.7866211716565614,0.6842921496093542,0.8068674575934722
2.3660320779492006,7.653091947110069,4.4247076876454425,14.418280425728605,1.0475300994961256
1.173047290869321,2.979608893054867,2.6206036774324653,7.926689388849361,0.4735285526062746
2.5144144451211936,4.011805108266132,1.2078304402073137,12.351530903940832,1.9087143244388656
0.5963978826869915,5.96420243728303,2.2312796113836186,14.371708863165871,0.3610528405994696
3.1995068160455418,4.879961398305841,4.281272816183453,12.11450077884986,1.8298607419003914
-0.4121769778423934,2.130898821094362,2.953221616658635,6.788630817835937,0.8416168486260593
1.5644791576303467,2.9455667470375166,2.7935552276089246,8.924025055352857,0.3828707958654094
-0.1511160105202609,3.113853381085439,1.4765629920214065,11.351954266897446,1.5986118785499097
2.6827410116361743,4.991278986575939,3.316301680281325,10.599935467066025,1.0622205128002258
1.328117425644691,2.545994807172575,2.968170145561581,7.528054907801131,0.2644849680845033
0.6542716143816857,3.4492522091323505,2.5980365266787158,8.972017668041415,1.3899320076159074
0.9397446965899555,1.3589646400917441,1.406063805382425,5.966721484740835,1.3015992726602619
2.038491147174063,5.256415090166373,1.7734287960188606,12.01981526283876,1.2124025172729513
1.310924595595394,6.4382595849496935,3.888729702165951,14.323100009340928,1.291463933385445
0.9542471312791787,3.1242558010006265,2.527634288606343,10.903367711540623,1.6055716354420086
0.19505005311651114,2.1715752674126128,1.2406775902963156,8.832802151940111,0.85399777179113
0.21123644220033744,3.364720569431509,1.1539230112941983,9.083239067250487,0.6853801283370703
0.26318207367519175,4.63523138404293,3.243682350361298,10.973072948161121,0.5812469210737631
2.420299424120507,4.802615575313632,0.9382627432749853,13.895552350465886,1.864200674004178
1.4323425123841393,5.445962950820481,2.876084971869645,13.063004638884683,1.4362521119579528
1.82249263223109,4.269918397096753,1.3258196785539371,11.558657042907699,1.7589383338139366
1.3804571060503437,1.566808404030586,1.4240846800038283,6.688796795162389,0.9972813444730821
1.4778244484568166,5.124857998750938,2.2837181450320068,12.838321269943581,1.0674753763270202
3.291415691282933,3.9150545558230827,3.018454490568025,12.454418418517818,1.1532203715936507
1.338623140961683,3.690075442340034,2.10837657142178,8.079861353199057,0.6735803486883849
1.7845154951300428,3.0223729176450105,2.200487261930863,6.546342674720243,0.5553390210643547
1.279935379636258,6.006270843698601,2.6496242814401203,14.719868055731338,1.9360369898758583
-0.24190728869336642,2.711588871224939,1.4952289252398927,7.313719254337469,0.7973129868717695
2.1410243517815246,4.948992973846467,2.4338466108573855,12.010563692989495,1.7186066696533402
2.6806560015680025,7.408020030955996,3.262239999505309,17.50336036233093,2.4289946016176223
1.1729914193040205,4.876400480542745,2.1410204320733426,9.499290170659702,0.7282534278397185
1.4580843788080233,6.895664866890506,3.911900917195739,13.173726097539344,1.043227529178086
-0.8573050992791731,2.8195404220658733,1.8880400009042366,7.563636712892126,0.3124773534871266
1.7441143210199364,3.293110370394074,0.5309360252018704,10.686949628980216,1.6819761282653776
-1.0818470141272551,3.5096225014389955,2.559170636079519,10.415755578294734,1.3318624446533343
0.28443223357050496,4.644295238922418,2.3416448662584366,11.525072617973406,1.6269686373614267
1.4546683443727109,5.375111744327779,1.985010475027895,11.165882024846812,0.8465318224009907
2.4686567061953077,4.58328304595122,2.13573643987663,10.793509856827905,0.37459488620874226
0.12057719496770347,3.6465842725664324,3.4668255963522636,8.195523807002667,0.6885023645491777
4.144089399950859,10.053148275419975,2.966314496449261,20.39287881825476,1.0323953512607402
2.3627533744060774,6.241173372078868,4.578353086509354,13.159878517378985,1.3199675251693432
0.9901474676332225,6.976078417257066,3.21332869781379,14.686796753371711,1.105682144413422
-1.0909460675381046,-0.15663312444275945,3.238598795902134,3.2121110849144587,1.4918032288846717
2.0154885855612643,2.61556664928773,3.9031991985849226,8.278545877214457,1.0321990708322497
4.000388074647656,9.084728317121836,2.5476857516082387,15.217794653533934,0.706039322966288
0.16785048642292488,2.846313905569646,2.064941241262695,9.315589696877721,1.5715469103389996
-0.193014069128699,0.5166349997552291,1.6159606506765798,5.262205404172063,1.320336424382033
2.6493601272051173,6.664092647606957,1.8889324348974283,14.388829011865791,0.6349171493472049
1.7594259192328194,5.117008208496964,1.6872093819207339,11.753088861048926,0.7139649473168519
2.5005081658150075,5.618334824674376,3.618641859837246,11.681212838102725,1.7237410623280938
1.968650712817856,5.004617480355744,2.685154003721528,15.746233701899563,1.7123925598669492
0.8026154381640556,0.6823981955424343,0.6850592936241138,6.330430158888345,0.8808635781247591
3.541003855872168,5.388236260651165,2.945650400474356,10.180680847133887,0.12452617453356396
2.309944661459965,4.568771622170518,3.3824829077300107,11.231556765899507,0.9303064883712143
4.261776828008161,5.126249913385665,1.624893070131443,10.235775499948069,-0.15608284261611938
1.6997777629629964,5.554192433692831,5.043281108242317,9.712277725495325,0.9670554390564707
2.3843598840362157,6.624664157961122,5.140192451276511,15.816205229578705,2.310005545369328
0.19552333434720337,2.25769348255229,1.9573370880769003,9.06755728008309,0.9523908934998551
-2.0702729959983577,2.4265716658765206,2.546250619685362,6.887620614843194,1.1094591709196189
2.059658755833242,4.603989420782353,1.9420581160451023,8.683822405485449,-0.06493562247971751
1.972138068475083,5.394742976178589,0.5982390097803003,12.202437980568034,0.7877406165050895
2.409660540267523,5.097274762292161,2.227894083864397,12.546277369952415,2.135538429790364
-2.306988691019267,0.6426371217769797,1.5837923104180172,6.238171620412465,1.6328563342198021
0.24037384057449795,3.6282413953607215,1.1702675768257063,9.582721513627407,1.0490573981456575
3.5621632910685195,7.068995665934454,3.0052868550486274,14.027634766388678,0.5828496958692282
1.6334012581779078,2.7566429557795824,2.864132247243626,7.850992307393071,1.310331911257489
-0.23751202550846928,1.990765667952093,2.634646002531004,9.322761037270803,1.8674623440930702
0.5936135502625234,5.312389641672565,0.8669060636146932,8.748151089538243,0.5333415663393694
3.102348237957655,6.215051877868785,2.102072841214875,14.663106004225886,1.6473407419625967
0.5877777193160789,3.389680364350255,2.2092548777778687,8.639850317592295,0.5606250393958929
3.614913330398417,5.651971750773491,1.247709291069301,12.41545112648937,1.6168404167533317
2.833737398675999,2.527538991364252,2.225955071880615,7.5522737489985285,0.9602463052175256
0.8914753607874902,6.992583856550954,2.7162253875263094,14.94551349605916,1.1366892795021648
2.5991363646678742,5.935495700604131,2.720422581664328,13.401941993949306,1.2961304535160802
-1.9598519100907517,4.8197696341873195,3.9932382773824826,13.135046968953725,2.0915514966630333
3.2083694924085098,4.244092959853319,0.9335107593678404,10.930482737735598,-0.1348752093593646
2.18852327968415,6.159443061876385,3.410465805908381,15.472195034926465,2.0250215197820527
1.8948243855984894,1.945218118280742,0.21748350652362136,6.961005059309117,0.6291339951220917
4.39641899023591,7.323048177270718,2.529931147509964,14.563402163658616,1.3651489913188357
2.398972472812806,5.200240909899183,1.4516922556654799,10.503437343806958,0.8205268063868432
1.2502299186911918,5.988254722744729,3.4585431459475338,10.493682172929832,1.4270703961233715
0.8647828845097567,2.5535578795357834,1.3295437257372957,6.911807471932526,1.6465793142158762
-0.676370316180789,2.5228133535452564,3.158419861409909,9.986155384871692,2.3610746774750986
4.598167330053177,6.7750504535743445,1.5765568811690802,13.519793708954607,1.7750359715150137
1.0091323583726224,4.445525510844986,2.74188316017696,12.10334849802901,1.6196411212678057
0.009389090040268666,6.349961604199703,4.589315007153953,12.584650205003172,1.4574181905359291
2.662001724721949,5.794178620400556,2.6947281254846653,13.296462958921227,1.571040058254427
2.965927734510978,8.373102006851157,4.629930092722818,18.07835475206501,2.2249985644341796
-0.3115429450847471,4.978300226991202,4.513058295332897,11.340009353588126,0.8166104239581959
1.0731087055318012,2.4241968912114205,2.1013624318432473,8.484421149339564,1.6337653204229916
-0.7472414471260156,2.5595909993772437,3.173578139693654,9.125490078432202,1.6482521476312795
-0.42335777782015627,-0.07094878925677262,0.7788338208637797,3.4624602202782073,1.9059860522912784
0.5285338006079368,4.862200303937579,2.429256863697934,12.791718738883256,2.0199465197760986
1.591553498049901,4.620805049587479,1.7679551990113933,13.267611186831978,1.5064344790414217
3.5073398137707312,7.225701225777268,3.8256999567233736,15.082964825505476,1.0222654293811602
0.8460097443292814,4.683801278720367,3.5242975237357044,11.426964755626766,1.0060377377169076
3.153228657661641,3.9089688032159833,3.236804838099125,9.422486496277733,0.5572318098621992
-2.0669236635339305,3.1596394051394867,3.201099879827145,9.03824832694307,1.9549272277631076
2.449814667655515,5.618410827233314,1.5389213989615456,16.13080439746727,2.626899899279201
0.6902833832517603,7.56323077719035,3.6085796361617017,16.413031108772532,1.1515854366404534
1.4626057786349353,4.676920794016604,3.285932873207497,12.385822303358678,1.9245813839199142
-1.7536741800304654,3.384848922357455,2.5389634780795007,8.532002239142818,0.44408366213773376
3.345298855244419,10.581343249340877,5.702858890076775,21.184344239787073,1.9322974662414902
2.351625604727133,6.99966053874931,2.8752396768383877,14.474039164250065,3.0621884893649263
1.4511184691587253,3.354012641923636,1.5094774721554298,8.948369398935702,1.5946181971620907
2.727043553871704,3.319616298531195,1.0307329318453742,7.561957929256674,-0.8753040858350973
3.138261297557934,7.0719964555910675,2.407760633553348,12.01474813573069,-0.7501832913272863
2.572957893544478,8.263598990359096,5.371938093218036,15.941057638580807,0.8159613834905095
2.5367108041994673,6.531622784083229,2.674151010733485,16.086815607075806,2.022720163371179
2.7014978636223335,6.696365786189867,0.7670908796535276,15.099841499580489,0.8144819801471357
1.239437334334088,5.311043147512443,2.009043708461199,13.741925051016853,1.635357717660101
2.1594508890096105,1.3308929547032755,0.8650996678060912,8.729764943292729,2.2135310667814703
1.35354541890336,6.225585871346627,3.6756049386676346,13.847870993494363,1.3724917105666767
2.680832434736244,2.3790313414943767,1.2091746761002742,7.691703696569219,0.8419408575661584
2.82741677450344,4.9882299905201455,2.285245597341312,10.722377438854402,0.8486821540307581
3.52893520000027,6.8787799689532365,3.8739636462153535,14.47867930637037,1.317164534443763
0.4593016063428601,3.586584195448852,1.868698873670274,9.148360397714386,1.4371601973322203
2.761760676534771,5.418983135320714,1.9574053785780297,11.430358708009392,1.0975294647457845
2.2688998868150967,5.3854252165175485,1.7664709766306275,13.719126501041785,0.9704183730145224
0.9876662832827058,4.1756281092660945,3.1644320942859867,10.608537146388453,1.0100356120071146
2.779612354035521,7.094713044101197,2.9292214931596647,14.044672481773267,1.2467451759104422
2.479477367759359,4.463125646403007,2.157675761956534,10.866913279415792,0.9341652109553046
0.22836576663796393,0.6901320545344798,0.36779495007822094,3.749012308610533,0.629272152954648
1.9004832924902766,2.948080664336508,1.2046936750531831,8.556683857023042,2.1199306281155534
2.5059863492983725,4.660812948558376,2.380269974970248,8.996850087940079,0.6528175560441917
1.0015992953402546,4.213009175179276,2.770472756467095,11.50487710341207,1.3772032767581568
0.4806589996680797,4.877558330308283,2.3010301792192376,10.340347224446695,0.8920411607488891
1.0922704531590468,4.5493731700917115,3.288861930342622,9.48981964635194,0.7638978630439834
1.5800717399692097,6.085730221478116,2.4436973921356304,15.500108962246804,1.4056082861606287
0.7941445899791038,3.3800743348262365,1.007514627661399,11.490486123830786,1.4330736695366568
0.4359806231308758,3.702939533226826,2.4683128675475543,9.64452338172791,0.011970889612360924
-0.8742246434231373,0.4764238055446457,2.9704166639083867,3.341931985292095,1.5608085590887755
2.952650978752346,6.299127505207508,2.845470276317203,14.99068533573828,1.5398386019341488
0.9430514674099071,4.7134789418607514,3.60937532267387,11.135807107378007,0.7410657264305143
2.181416302686176,2.476698711672359,1.678316156757415,6.56012874835387,0.5698134236602362
0.6930868187144853,0.8327682445706328,3.664446195289552,3.8025050605339263,0.09479561047085028
2.3205314252963603,5.890247849366072,2.930722824783356,11.683812219580949,0.5263468947052099
0.6643836086328604,5.851507164056829,2.8527579539395123,14.21425477334147,2.5603907526352483
0.5240423922318339,0.7561710464544023,2.8243762577348095,7.520819905206617,1.2788569072158718
2.1117082533008826,2.1865853152210706,2.5122147385433005,7.594583699498159,1.459948030179869
0.09450625616259223,4.567522880003992,3.696886028606211,11.577012720318734,0.9755870981602348
0.38026977713980403,1.5834478151875064,3.660083593789847,8.266307820746306,2.0701363961874826
0.47683843814104887,3.701108610777422,0.4855691026243498,8.195130022437137,1.1226289143985655
1.6631324843036221,6.138199296527972,2.8624651775264036,14.568201443567553,2.2749323001075368
3.5677942681435653,3.070699583120256,1.182064502757793,8.124612455714349,0.4939228565523007
0.34346888976564993,3.860157984590639,3.2354586345075176,10.404287374665467,1.6783854287607665
3.6084490001356917,5.409373367889183,1.7555234607836296,14.584454390305948,0.9919451661866173
1.8453644384411634,2.8358817048311167,2.256384212981758,7.660479523948042,1.7998333417002073
1.863802114625212,4.974896458669465,3.645307971751571,12.746558651498564,1.171862849237868
0.5271665983383605,5.17712026515117,2.9324526964128594,12.040306229359443,0.790289831096608
0.5771457495444687,6.173970420852471,3.683093315536419,12.30138077771564,1.885817401030779
1.6136242098872167,3.1933765326021843,2.496033495893046,6.745785133540301,0.8284283714633367
2.012643313954734,2.932108949399745,2.4348676414585473,8.571742589668425,1.2322042448609856
-1.9132100381870738,3.5198719737218367,2.273580535513402,11.014987942404655,0.6466303061278191
3.466566480888166,6.914802320133732,0.826166507238121,13.330592741860984,0.5582284729323235
-0.7501133447347264,2.7695295816688863,2.2117816588791084,12.210163919569247,3.849429337494068
4.701930172052591,7.1095780393379435,2.6123109365935755,16.347675603256306,0.6213879538743695
1.710052897888339,3.034420524892078,3.106517588996928,7.839355324432848,0.20934366577522734
1.8780848147472664,3.9916383344177113,4.135912884457419,7.981389698133325,0.25258089337616185
1.7349516485338974,2.9455028724206267,1.9109101945664557,8.874038016175074,1.0754924137243085
1.7715021892515765,8.164770054686166,3.307302678400676,15.288379320190227,0.4630099495133301
2.1041226686890013,4.711692366637356,1.3504037305053376,12.735285709461143,1.3977453152988264
1.2954391030780628,-1.0937482773826295,1.9232347455105208,1.754313406723035,0.9383483311028451
1.92726892501438,8.410049898376855,4.97612101275495,18.09898867698586,1.2419253074049383
0.7507016567139574,2.506648691796761,1.243678146136402,6.296883333072972,0.5508467257101111
2.5826326902422183,4.746024005988796,3.212604578313115,11.32382640420185,1.1665822179399725
-0.46357877592110563,1.2136283422443546,1.0074670174667377,6.37304406470514,1.1068001194278692
2.333410572596994,5.719379139261066,4.860021140148698,14.994486063478792,1.2964457269896332
0.7531225161725521,5.158709800655906,2.285693865714533,12.301059110866966,1.9971114542930841
3.516311628201011,8.372022294525472,4.45841301322957,18.80305307899409,1.5570147485514227
2.006183066965048,3.5005179321722637,1.0011010276320786,9.58471719891016,1.5047881051735668
1.5176845675197463,6.539664849713049,3.2095384134186995,13.307521599941603,2.099642815294323
2.3478398828592377,3.648784976273195,2.8887513670896876,9.220255435374437,1.270936404514215
0.46031550275451405,1.9324221691306462,-0.5962850564968902,7.179746363975459,2.477519898795723
2.1602850190465124,5.896525322105573,1.0189314148946882,12.364094722673435,1.3444184682125198
2.9185184052388005,3.2026397282439083,2.8433648661615463,8.816346893183882,1.0906023575251458
1.4720420534281102,5.133042025589579,4.200565844336828,11.928300703891127,0.4530449659851049
2.806242577293376,6.308489159703203,0.995328846171671,13.837113278352938,1.5269094909806662
1.250218743236215,2.8165414231570893,2.2429844850951106,8.504553686585023,1.5200349592516849
0.41198213063332245,4.151556621766821,3.8769761266012086,10.220050981627582,1.570947918976275
0.13871558771901582,1.803429265505145,2.4344993513089928,10.10898818720117,1.8850204420620424
0.11264653564992999,6.194812177463824,2.6272712093960178,12.640451252099405,0.054002164595227775
2.493645636169883,2.7172718750589295,0.9913675322367954,5.355511712494185,0.47100428889610213
3.1175253135889873,5.166850138547897,2.7261952709769037,11.81159619047062,0.8273689374372488
5.853330087358314,3.6480192292953664,1.3137350559847267,8.427557468607827,0.809137764037978
2.3811060762498073,3.1506243629100488,2.3050993554297206,8.566887374172353,0.7854383379637181
0.7649833000939774,1.0702327289586049,1.7458137114671586,6.273595980660021,1.0980048017458732
4.746588594317877,7.292117602184626,2.9983450919273675,12.612059760037353,1.222971930389883
-0.2117010046585519,4.556506068108584,4.678782308022507,14.889312922109944,2.480578042895384
-0.05344234672574433,5.247322951252093,2.9369681887757997,11.515622948627223,0.7198017272210118
0.8300633395932736,6.243954392173354,3.567002686479023,12.820948034575407,0.8738415377347839
3.268691441047818,7.477800591736554,6.027202806265324,15.55224298258565,0.32858782212492454
2.4461916979309066,2.4480990146807757,1.9250548369348912,7.63903926700895,0.9820974443160678
2.4613587789536515,3.210613791331042,0.6901550812011752,11.014164179609141,2.074389382365703
3.980145682954048,6.557697226644344,3.796394112030784,15.90408985895029,1.6154326530968866
0.9735728021311204,1.1774291065072475,-1.2303994305150137,6.955601910582568,1.8339540136836459
0.7169088185162391,1.5644793291667358,1.2747060456102801,8.42398394243719,1.698328898580737
-0.4859926723259802,5.966612902610239,2.5151880866246255,12.145880742764858,1.0893911136933632
1.2121023645680093,6.7557228673280205,4.402414139092315,13.67870594451862,0.4409560883237805
0.16634234306921725,3.374114312842325,2.0113638098737407,8.445170450955544,2.3840797999431214
0.29373577417048935,3.992049226353436,3.3326155131731747,5.938789542115877,-1.1740402414904783
-0.6431346709426022,4.186147833344842,2.807725073448452,11.798877019431117,0.8248484283594244
-1.6197869914883523,3.253880932713023,1.703217722689768,9.401454378392124,0.2504362634849928
2.557828939867916,4.986828669945332,1.2813692221894226,13.197550114504244,1.8555196611165408
2.0450381196270957,0.6294118306444987,0.3903463032145207,5.065600766743193,1.3589389782110164
0.5372186588166861,4.6580131646071345,4.989052342693598,9.997494606263075,1.5288493051683858
2.2732005400232738,3.0861968864512166,0.5275217416132048,9.89994146723997,1.6048972368732528
1.386322190063898,2.9766421448559797,2.0637920137814403,8.315244892343827,1.527610493073881
1.2336663819508322,4.192651250314958,3.5097308630147053,13.019742698050335,1.43922593023387
0.5631497325958704,5.397055871986094,2.50350087739785,14.027913504565442,1.449344482347008
1.0730711863717028,4.286861442822074,3.1900138695479434,11.721105899225144,1.4046236304011501
1.159959965929962,2.665387108966049,1.2971094161551122,10.374173596498162,1.5078418813793057
1.3195240851723107,1.1959618769902116,2.6296309568515044,5.8476737930982905,0.8269403192542712
2.7125846040457127,10.16029583182027,2.840878660006837,21.49592902424061,2.7601658143261503
2.256902648811486,2.9013404171190476,2.310640297527129,5.263792732653378,-0.051709847075128046
4.21667779410185,8.218721478175786,3.1685660521744903,14.921683204966328,1.4589826806165602
-0.4572197969647043,3.410816949158083,4.20130177312673,10.368057852331223,2.0789019254136454
4.059116288905596,7.343693987197401,3.1507251372066545,13.319268468419223,0.38816519144616646
2.1257615466726705,6.699546836447656,2.8272081686311816,13.486140134036976,0.6645860480252381
1.7562686208736322,7.706955622272285,1.682424698150625,11.65932588876969,0.038982309818330174
4.017263795874859,6.1321597802109595,4.309326683910826,13.355740105385426,0.6385586909265942
0.638916788354753,3.2901358841586643,1.9441872723996108,7.833424417226179,0.30544398815012763
3.7144615078783887,6.771183192853309,1.9923938982515557,11.703721391962338,0.14277466976283204
0.10452149783333509,4.417821887617573,3.256918696755193,9.206155573594783,0.5826247211325303
1.3618386805302396,5.189482074777934,0.5377082862861124,14.499870282913305,2.437668343844276
1.9271282215368926,3.9475880646858847,2.7416618196366294,9.93968305560336,0.4259727009567117
1.33633612775905,4.455802518414331,2.329385160649956,8.996579642458737,0.08435044390656299
0.1776856262233888,3.3523618285305274,2.936271355145164,6.2283911979113125,0.8176130790225006
0.06145185087945082,1.8768875687067814,3.3679161243766558,9.194500807009966,2.0705272930386065
2.955312235043787,5.440510643701551,1.62610811694767,11.862472020469605,1.1508496484132646
1.7062013161103298,4.945277399815135,3.9064697484593776,13.240344897224064,1.3747771423554758
-0.40116075731596523,-1.289495881561602,0.7750643463244533,4.016316801902677,2.4678208169116216
1.5785562939985645,6.464994702183761,3.0330051026053186,14.585181513092133,1.0621634249780654
-0.1165619762052581,0.5064439620626768,0.9642708203790193,8.019386248835808,2.5876878697271355
1.3313766723529992,5.509903840667782,3.532183475562565,12.58107343039844,0.930625419512272
-0.4300259762634886,3.1857253485558013,3.1995918335222857,9.948740117111209,1.624044027964677
-1.7804994725554453,3.729333572730747,4.440547797492139,10.37122149427492,0.628266606405855
1.5105161182753177,4.092129930372319,1.756349493038745,9.582304408930911,1.5612048325398313
-1.5057876478671446,-1.1902680572677802,2.3349628953286423,4.066815545068126,1.0680557728353357
3.1355122908219517,2.982756322377714,0.9863413255042568,10.578254150938342,1.924351092607951
1.8944271413277882,7.7524917530958,4.4210869107371416,13.30697615323597,0.6403784524984155
2.372091648184306,7.588123951740847,4.129582049730668,13.480612456295683,0.2577047859253624
1.3955753639719455,3.779607471555003,0.8722015690273583,10.107874446675721,0.8820743197124234
-0.6702174712064894,1.4894234245190887,3.7416895909147394,4.464464849708543,0.05852195280006511
1.8802031565870554,5.897383989388171,3.1868107615328314,13.53691618734441,1.7829534792930604
2.81661923592497,2.9382583708710457,1.1659522280657806,8.89720245289395,1.1967627109063244
3.9801830614166573,6.480711350675277,3.1870510243445125,15.368160310580839,1.338064322782884
1.2588181616864413,11.407783094626865,5.921121264411481,20.200201838659304,0.3771083368063386
1.6338494969436397,5.491819852752621,2.334914324203485,15.57782698322624,1.4013811603782684
-2.0414440431182395,2.3838426772478836,3.541275702007341,10.815640295810503,1.8918501150677618
2.9404952177847017,4.922486999495297,2.638073991296895,13.040950297836272,2.404502475855031
2.262894350810643,6.862812310476404,3.7301024770349103,14.424983624929865,1.2855975060915303
1.686443057211199,1.0128528066221554,3.5062547220390536,5.971170256687814,1.4170349206712716
3.4021170882169196,6.976260930415056,5.060553363965518,15.519142205597888,0.6150557872399293
3.758463175100648,8.597776199554172,4.685254741677079,18.525110118342507,1.2669725279684185
2.522318218444808,5.554434163983461,2.580166819483694,12.657008778096396,2.183181199359148
0.344129214086917,6.91606302726828,6.1230141979754045,14.241091802771908,0.8469595510311966
3.175594187351682,7.0506760004202,1.224831603212396,16.609161678932995,1.4321677939946107
1.587268815964387,3.394902963437567,3.2262085820734203,8.490780376529829,0.9115076373837236
2.097643186583147,6.143748343608824,3.520365747225776,10.87674583353374,0.5359305240952943
1.3307434687103306,6.59808328189359,1.4158870927317098,13.520633944922558,0.8115355064392888
4.061310107530297,9.592015469317465,3.4709815131086583,17.046083274997905,1.3702590441887177
0.4825472230645276,0.7976363156919263,0.25944713121038543,3.761936554391228,0.6281015802931366
4.165408658819057,4.817927585546448,2.2024930218640266,11.929320686565358,2.5488376720651083
1.3145300316874065,7.704536863940684,5.735952981903376,15.295192383282586,1.1268365689329978
-0.5308953558880369,4.730183962152916,2.65346022748977,12.85758042362904,1.8678829733893791
3.8588106261853548,6.796937810940934,3.156405003918879,15.505515965055071,1.8311271008779697
1.375018044932043,2.8779073970087676,1.9060956859878413,11.048079724114398,2.033621019605621
-0.3656108218031924,1.0447876420564532,2.1021016866870723,5.690128113386132,0.3669559547590284
2.6958328152942324,4.107020772482478,2.857891057851788,13.169677046660516,2.693142392690016
-0.5192046107541222,-2.012778341288212,2.979645199433415,0.7510188200935402,2.0621489952570764
1.279176483269489,1.3044585822807817,2.3022105561168917,6.461184391338421,0.8699289970173776
0.185579174746483,0.09612052444290597,1.371081366160905,2.52553782280718,-0.2813823958210617
4.4993865783225235,5.948251729789406,1.23880411783802,14.464614831735672,1.4775828802253246
2.1249699428324114,5.392727839964352,3.585888932864184,10.881959444362337,0.8428684777633986
0.1579604785897244,2.2658555292693086,4.193661803292831,8.403650318174737,0.4672449681604075
2.7116249637593626,6.115149027001032,2.2333150543586107,13.235308282162528,0.6510481077416013
1.7110393077568569,3.2761444443835583,0.9754407472972095,8.998031836005204,1.324832755745744
1.0784351562560914,6.299173798678268,1.1405216799515452,13.52346555526346,0.3051948795764643
1.9037039722060383,8.719302583526806,3.3095284663655606,16.983240819121022,1.1502281749878016
2.5068342142957434,3.557483958926041,2.7587037608201794,7.910520326787487,1.174552292744166
1.705835020135599,4.474456698846702,4.275691859400904,9.53170771732945,0.5015164268467335
1.0709488425949512,1.1464351873450367,1.0035832871857029,5.558862533496896,1.1091164487805334
1.7917346301342845,8.418303767394926,3.3238682823818353,16.561221911742784,0.8457112993762027
0.8037614919362336,3.692566005881473,2.717234381866158,7.456738088633127,0.6014180153528068
2.0229204823850315,4.879407828236019,2.322611681261604,8.799724418020586,0.1949673412732409
0.4067013799014725,4.037688044981438,3.3892776313491173,9.517515267643528,1.0942436007493588
1.0238498085776282,0.10663739125758642,1.0780444252729784,3.6946119426148387,1.4029086118015759
3.3957425117161675,5.181341714951509,0.24725092627634204,9.984243877142697,0.38862896872680497
-0.34331894838023524,2.92823452132604,3.917678698938104,8.891077285374216,0.951344014374936
-0.22908263627887626,4.704821314632101,2.9739829181683266,12.525353316209173,1.9881371796749592
1.097592321833808,2.20495784612576,2.5703932062543444,7.297431107590351,0.8921091003489021
1.5922765449621907,4.787976390125529,2.7631474921641357,11.316086671297423,1.5972493674185597
4.430116045138236,4.9126477854475725,2.297456187017456,13.028149436291892,1.9800353108259041
4.307083823899801,6.680967708684437,1.539505464961072,14.499662686676494,1.256883632546781
0.6036510057953517,4.196195711037018,4.184650130166405,8.330949652330577,-0.3244182459513596
0.46336425770156664,4.797311470314864,3.752978441037124,11.778295636079807,0.9432591035641595
-1.9425056215782597,2.1423909344473984,2.342319698208145,7.779878561335624,1.5134844476774698
3.898690502584497,5.719062528274293,2.3664209405553507,12.042784358465722,1.0457898176953213
3.4125854310246435,2.457296184304811,0.05875370047019768,7.9289469141497895,1.1884121312429567
3.0960838787925384,8.038746040845597,4.896741322913561,17.68714564165396,1.972102629338805
2.25013191413598,4.363549971110218,1.2191922092848724,11.577607844446574,0.7440066296425716
5.086103240619481,8.479420725954624,2.3616387739580866,17.763940059056054,1.129207911609697
1.9241442190839946,2.406128372703246,1.584233429166419,7.768999471245129,1.4954240535462342
-3.0289938785335284,-0.8413939604914054,-0.030595858540472864,4.748922838179414,1.31147419474089
2.744012205066272,5.26977160963677,1.3393936673197249,13.985640691033744,2.240162018669819
0.044885065448369454,2.7198393346392074,3.339300034043953,10.616367741336331,2.2500772502740745
2.6796652422308,5.3925263141259965,1.3318415493011269,11.677316410425298,0.8646314708771463
0.9089124759631899,2.5183927177562304,0.9289538482790807,7.914144414514233,1.6471295456278734
-0.9357613134244644,2.1863739000428004,0.17457457877729032,7.166615197937416,1.3530046379565563
0.2032627561119169,4.7426003986526215,3.1836281912922346,8.713145018002917,-0.3641118465542994
3.2458194989349742,4.5200459423654955,2.0811285653048888,11.560657961125784,0.37299259016480546
2.909559197908532,9.106787569245267,2.6684784487227287,17.103831230444012,0.6230919852156982
1.3169553853668658,2.9128310142076765,2.7971920484374015,5.077969088949141,0.4109295895183174
0.20111177228302224,5.3571629719332785,2.7294432061488054,9.673313781926296,1.2373377623829893
0.2737786078638864,5.625486448299531,3.2063346857774992,11.629004004761484,1.02200142849861
-0.5263022469545038,4.516395012939451,1.903889301118158,12.521187933288871,1.505307490022131
0.023061061587771547,2.2791065395239207,1.417905992592902,7.611175949044654,0.9950063164900979
-1.120223272018694,0.1502060602494193,1.980520551564247,4.433929674044595,0.7845052514264053
-0.9565546785853507,-1.224858252910158,1.96396794062906,1.438710905885237,1.101574579051554
3.7580362213772895,3.5698828741794078,1.7420377179984694,11.034026346433674,2.573458885202741
0.03275956308724681,2.5211646420067355,3.302012753068329,6.790782701592408,1.0341450778985704
2.0357598159604624,3.4381103126702612,2.47254227431991,10.756926978851205,1.011885862607409
-0.6320132935858771,-0.16948771064292845,0.6289371427979884,2.1704197097087663,0.5443013430468487
1.8527383089942586,1.5524199283724314,0.4688124410408201,6.850006997542443,1.4317667852304012
0.9270664662388783,0.5831163675094411,1.5796270235348002,5.89301140798328,1.9955758193366642
0.826594183187514,2.674652237753839,2.4709149298876323,9.732531058794025,1.8098787841307344
1.339659301495706,3.792257111249223,2.4903507242209866,9.022632095481258,0.9638582705726595
1.8197855561304357,3.104848301652478,0.7384275564376255,7.066952248815268,0.8118076249963494
1.1657788497225026,3.523867103454373,3.4239132614054237,11.238479829443916,2.0356405914233635
2.6678482252161224,7.9900060359268,2.2155108437868303,16.81968247834255,1.0937997108657433
2.5362583392253377,1.6894789519587627,1.727208394358406,5.87435501113678,1.3915606254029875
1.4924121598222988,3.1867996636966858,3.4612545172736304,9.272402665993587,1.2423459206304863
0.8277929962220111,3.1232323549292125,1.077542374075168,7.197155334912139,0.8372617555093167
1.265288236080556,4.131393577258909,4.423752672252871,9.630055913906613,0.6963129889076951
2.794206363001894,5.785570055513483,2.7706097403822745,12.91197688179562,1.4005720157179689
1.489965303434066,2.5011810698312615,0.3383464792676394,8.045936969949004,0.9003701878341702
1.649397730548542,5.88705228150088,2.809169668298784,13.075902278672121,2.128195224677909
2.26438724773466,4.3122634114183525,0.9579666711433668,9.213326209309958,0.48523560596482473
-0.6988637371616124,3.466559863984543,2.410839857138902,10.675255173156648,1.1955434485058052
-1.300178536243561,0.6328256061904309,2.783550395614085,2.4484706906483216,1.3258342575953348
3.6359265133779455,7.851490940455241,1.610312357190598,15.68217044094664,1.1783119589487805
2.1534438861669054,5.346752277502351,2.281141768291224,14.793768265133208,2.3691165749437566
1.0964637052891542,4.46381893393171,0.5933226193862282,11.115558398236306,0.5891138475267279
1.4262333818701622,4.278235037230818,1.2579952385377462,11.4562275161685,1.1250260708145243
1.8030189368504215,5.06247349223786,0.9465279068621055,12.416615394304433,0.7930336885801208
-2.5962557078923867,0.969430052650005,1.9201859036198097,6.366415011005151,2.5202071418955443
0.5456407151500876,4.202126488174044,3.133768174075662,13.714392365102652,1.4632450960172338
-1.3362595113586853,2.9904437348333226,2.394622402107905,8.778780429936628,1.4750767929979178
0.7851896179402437,5.4130203861216835,6.45087663629417,11.243945012714043,0.7085130800992325
0.6632385814776808,6.351170444680115,1.8874936193246006,9.69600542501114,0.5635115385801548
1.3377623184065068,3.8983962727513575,1.295765478009476,8.30505764410525,0.9111639917106109
1.3343818273728245,6.492842525387979,3.416889771545472,15.884234527397066,1.5211895942475984
3.642925271573198,2.3811147502846275,-0.8287168561432803,7.991638928823928,1.88486120469735
0.46631901951536614,2.973775277150514,2.5289243928617635,7.767404656249765,0.6400990251390593
2.2430545812382645,0.6308015544183583,2.4238083809150215,4.5051439612554995,0.5937728036270159
1.2576717120351233,3.5898428033093768,3.100375430203562,9.776632784391921,0.32717902393190845
0.03428962028423488,7.816295645466248,3.9344157236752464,16.419455571325358,0.6608320420969653
3.481222444515606,2.236785677577925,2.386375333751628,8.962075416208801,1.6279183100979113
3.9869760953973516,5.153475959293471,2.1321681662877374,12.675498378569001,1.557559189417486
-0.6670638630072925,2.769970994136141,2.9507465917540006,9.927973629675202,0.9249707391313085
2.5226109631543387,4.7858785778186315,1.815014608001695,14.168883232118748,1.959602178662819
2.3110927850564655,2.365250469871257,1.3760425358702506,5.656283907334397,2.46198227203922
1.6212750394571338,4.417738506717826,2.1336057551195213,10.082398087262035,1.077916395519442
2.943593060821936,5.521253551644575,3.8098479184674843,12.86669774055755,1.0744622313891055
2.454755601855914,4.419226566460417,1.6640743104755251,9.85643381104758,1.3033870099380558
1.5300513472353128,-0.08593441087616682,0.9506129196850133,3.6137624498185,0.5010535716316654
2.521229455848402,7.279969067088868,6.106605760612863,14.20743739916145,1.581463225011161
0.8597564266730092,1.5004775939168469,2.4197219569823925,5.42870288353763,1.0380454746697387
0.6615638496680872,1.9615480278070876,1.4530021289137358,8.424192792054159,2.2006505354076986
2.0144542788500437,2.095034067106141,1.8130731737202945,9.861137115574897,1.6126359040522116
1.1181461004358464,5.652335850277941,2.615445284897509,12.060367370305851,0.770035714264599
0.24808158822650772,0.8663938164364438,3.355465532052331,5.718939257096062,1.3603895160147834
-0.1940423983497579,1.7137677822104136,0.14639226505585778,2.6190904041709926,-0.594889611403258
3.153360560546668,4.677938392257014,1.703737180871293,11.534084936606478,1.0400950080581923
0.9684410595924025,1.2008170151173936,0.65455937075512,5.9298900733196085,1.6293357319619934
2.626846231668239,4.541583088122931,3.0380080843757824,8.44188682505053,0.2445209034485375
0.9339334525318415,5.381068305690455,5.73808909464597,11.807934066237708,0.5041981055614952
2.432083129271974,5.316041400453941,2.8975681675722407,13.578109051644445,0.9474393024273413
1.4617289704784246,8.275027235884622,5.084443593905759,16.520291889985927,0.916231069239838
1.1801225018551398,3.194858059954581,0.7708450577601274,7.97108024534849,0.7088455248533454
2.62907641922276,3.9747343284355394,1.2347198566329975,11.004507964942137,1.9937778754935214
1.6047164214679375,5.134334171204072,2.008888554394235,10.165628665550875,1.119598460998032
0.4377108393664644,3.5666336436872688,1.4992678639967518,10.24162464674328,1.8714588088766284
2.178911636237251,3.7327794345867105,2.557499847717664,7.736414504299965,0.3067604889399004
0.4537775849321244,4.630146071260099,0.6373765692773841,10.28444750575453,1.0374507813042748
1.9895501982002846,6.3287971656181226,1.971112455897127,15.877245442565222,2.53320399374834
1.632013078128334,-0.11607520576624131,0.14653949518446163,1.9793209385481667,0.351657498021241
0.8517025768381721,4.348925032149937,2.7005361943243873,10.259583156440385,0.8666946888712934
1.657552565394236,2.2040140180582215,2.066647261545043,8.68116249336073,1.0669472664290822
1.2827132051532357,7.126519778851996,2.6818907810677297,11.901262282331754,-0.6368251524382662
1.7752145923180949,1.8872964314517566,0.5297962252890493,10.269597722276075,1.724365683723847
4.791471087811317,5.694580251280357,3.72995532069247,14.257949151394183,1.4567410749395038
2.223905536408243,4.677512994858069,1.8523299331009213,10.016057889112108,0.8117812019632336
1.2157171788991459,3.8785101476322668,4.375038768435456,13.073476525359768,1.7137348727801642
0.9110386260721886,4.2657072126098665,3.99371924348155,14.60916308261696,2.3179171109833874
2.169346229961222,6.463394455480659,4.548793990110871,14.147796206028826,1.684726680453431
-0.7747001075699846,6.776627954510145,5.9348954348240515,13.873054956084845,0.7427237192399923
-0.1672465905303644,3.283968570531627,2.5947058247624257,7.236917427120764,1.151798614105272
4.049061412275311,6.776404647014293,2.2994121889618335,12.873615569728551,0.13079306127583257
2.0621880289993952,5.808297594460619,3.200569315751985,13.652526188925815,1.320365770274079
3.9151050775814844,6.079815611305987,0.14417829937088245,12.216058298595701,0.7903087650026936
-0.38019746364921225,2.6989327445081877,2.5256345747602604,9.099450651502714,1.4665129693488128
2.067982054285892,4.301599819948456,0.8015792049385972,10.82041035124794,1.8250023953783516
-0.15772864763534367,2.401226827230548,1.1336811549722756,4.95470621033005,1.8876850683718214
0.6596607221866659,5.866162321729234,3.142814065964054,12.198339570329114,1.2701008754598562
1.3162495081937624,2.1525106701354764,1.910212300556368,4.747439605494307,0.6898403607724989
2.0930706179327565,3.4230257415008802,2.364846267863929,8.950380357740043,0.38920424785217766
0.07764551284972776,3.492640952148357,2.7234114299084617,10.686803058221544,1.4727796095418793
1.070225215223381,3.2764768418142953,3.149841042161825,10.238516462274077,1.5475526027201183
1.4345560846735483,2.463833360406717,3.4317656283343814,8.054914487452356,0.5007530385861766
1.0743549861617687,6.547759642496805,4.34709364397018,14.90898531471199,0.19933371653485477
1.4071180027207082,0.7756978717176382,2.1991006996572486,7.524545227162455,1.8700560094877838
3.8186620755569636,5.163918356930608,0.8164683442168594,11.408597205773303,0.6481659450920202
-2.4747443296140754,2.823007725737595,3.2585629507143112,7.178153527602243,0.8229185390682038
1.917519471099379,6.520155822038241,2.3651463757213964,15.050693173235263,1.0864347900993527
1.7748426370911086,4.2440011343522706,3.1675143405858472,11.726769999908093,1.6319866867712745
0.13861509110312675,1.9563089499611017,4.254083600848452,6.45622990802741,0.720645600206071
5.600656640433061,11.477579460012674,3.6556207979344313,23.743802328604172,1.8257470302805099
0.9293575328369629,2.166375416137801,1.7344184214450271,9.742579737255296,1.7901811730145423
1.3165384535428653,2.414067604823171,2.521560340849163,8.699660661850078,2.0879316894860667
2.5183290254486193,4.765808605265518,1.8276197821840021,10.944458413409958,0.7372251075633398
0.3467329723974797,3.9025450396763213,2.6706621811260565,10.828123426824503,0.6340518446230446
3.3370352364204336,6.363254148938616,3.2185312981999252,13.809608371730132,0.9494907185919257
1.8827139738834835,5.990692138067679,3.0761499981418634,12.871572514229735,1.6129061701387448
0.4809337029763985,4.120978854388805,1.6875166500777012,10.87178482346972,1.8565847639599564
0.36977036023854004,3.2425598254093524,1.2791717629286874,11.189343176103723,2.417832410030648
1.3253914912038691,2.74093409078484,1.7180445089394105,6.689275716558399,1.2894061913777126
1.4811682762822405,3.93000890626731,3.240725600634749,6.623546395595973,-0.501022387921332
1.7923501271700244,4.34145269383224,3.7331435882474544,10.178377788046474,1.2707654433432511
1.0227457104098594,3.53049823877452,2.5313601313696266,10.36571424747047,1.4603438885632818
-1.3865746039171993,2.3518059189253866,4.6784047449785415,5.696439236977047,0.019823453348410736
0.4109644380549027,4.551423461043411,3.1112252114109493,11.406763273644357,2.2754529173162625
4.503580431664433,6.906358815079285,3.048779403850206,15.921975815054516,0.5576968908154619
1.6566296226478754,3.441972279033151,4.113768280762773,7.0024197420756185,0.280005444111602
